sensor_id;sensor_type;location;lat;lon;timestamp;P1;durP1;ratioP1;P2;durP2;ratioP2
3659;SDS011;1846;51.482;7.224;2023-02-18T00:00:54;30.90;;;23.15;;
3659;SDS011;1846;51.482;7.224;2023-02-18T00:03:21;28.73;;;22.80;;
3659;SDS011;1846;51.482;7.224;2023-02-18T00:05:50;26.73;;;22.80;;
3659;SDS011;1846;51.482;7.224;2023-02-18T00:08:17;29.42;;;24.08;;
3659;SDS011;1846;51.482;7.224;2023-02-18T00:10:44;30.48;;;23.50;;
3659;SDS011;1846;51.482;7.224;2023-02-18T00:13:11;29.20;;;23.05;;
3659;SDS011;1846;51.482;7.224;2023-02-18T00:15:38;29.00;;;23.10;;
3659;SDS011;1846;51.482;7.224;2023-02-18T00:18:05;28.67;;;23.58;;
3659;SDS011;1846;51.482;7.224;2023-02-18T00:20:33;31.38;;;24.95;;
3659;SDS011;1846;51.482;7.224;2023-02-18T00:23:01;37.00;;;23.95;;
3659;SDS011;1846;51.482;7.224;2023-02-18T00:25:28;34.08;;;25.33;;
3659;SDS011;1846;51.482;7.224;2023-02-18T00:27:56;31.77;;;24.92;;
3659;SDS011;1846;51.482;7.224;2023-02-18T00:30:23;37.47;;;25.35;;
3659;SDS011;1846;51.482;7.224;2023-02-18T00:32:52;35.38;;;25.30;;
3659;SDS011;1846;51.482;7.224;2023-02-18T00:35:19;34.60;;;26.43;;
3659;SDS011;1846;51.482;7.224;2023-02-18T00:37:46;34.25;;;26.23;;
3659;SDS011;1846;51.482;7.224;2023-02-18T00:40:14;36.30;;;26.67;;
3659;SDS011;1846;51.482;7.224;2023-02-18T00:42:41;35.38;;;26.60;;
3659;SDS011;1846;51.482;7.224;2023-02-18T00:45:08;35.60;;;26.08;;
3659;SDS011;1846;51.482;7.224;2023-02-18T00:47:35;34.95;;;26.30;;
3659;SDS011;1846;51.482;7.224;2023-02-18T00:50:02;35.38;;;28.92;;
3659;SDS011;1846;51.482;7.224;2023-02-18T00:52:29;36.00;;;27.37;;
3659;SDS011;1846;51.482;7.224;2023-02-18T00:54:55;38.15;;;30.10;;
3659;SDS011;1846;51.482;7.224;2023-02-18T00:57:24;41.42;;;30.02;;
3659;SDS011;1846;51.482;7.224;2023-02-18T00:59:53;43.38;;;30.13;;
3659;SDS011;1846;51.482;7.224;2023-02-18T01:02:23;43.13;;;30.73;;
3659;SDS011;1846;51.482;7.224;2023-02-18T01:04:49;40.05;;;29.02;;
3659;SDS011;1846;51.482;7.224;2023-02-18T01:07:16;39.53;;;29.35;;
3659;SDS011;1846;51.482;7.224;2023-02-18T01:09:43;45.53;;;30.95;;
3659;SDS011;1846;51.482;7.224;2023-02-18T01:12:10;46.95;;;31.45;;
3659;SDS011;1846;51.482;7.224;2023-02-18T01:14:39;42.33;;;30.42;;
3659;SDS011;1846;51.482;7.224;2023-02-18T01:17:05;45.30;;;32.07;;
3659;SDS011;1846;51.482;7.224;2023-02-18T01:19:32;43.65;;;30.50;;
3659;SDS011;1846;51.482;7.224;2023-02-18T01:21:59;49.08;;;30.27;;
3659;SDS011;1846;51.482;7.224;2023-02-18T01:24:26;46.15;;;30.10;;
3659;SDS011;1846;51.482;7.224;2023-02-18T01:26:53;41.88;;;28.50;;
3659;SDS011;1846;51.482;7.224;2023-02-18T01:29:20;42.67;;;27.95;;
3659;SDS011;1846;51.482;7.224;2023-02-18T01:31:48;41.22;;;27.73;;
3659;SDS011;1846;51.482;7.224;2023-02-18T01:34:15;45.95;;;29.65;;
3659;SDS011;1846;51.482;7.224;2023-02-18T01:36:42;48.78;;;29.58;;
3659;SDS011;1846;51.482;7.224;2023-02-18T01:39:08;45.92;;;28.80;;
3659;SDS011;1846;51.482;7.224;2023-02-18T01:41:35;43.97;;;28.90;;
3659;SDS011;1846;51.482;7.224;2023-02-18T01:44:12;50.50;;;29.73;;
3659;SDS011;1846;51.482;7.224;2023-02-18T01:46:41;40.83;;;26.95;;
3659;SDS011;1846;51.482;7.224;2023-02-18T01:49:09;41.67;;;26.40;;
3659;SDS011;1846;51.482;7.224;2023-02-18T01:51:42;43.33;;;28.13;;
3659;SDS011;1846;51.482;7.224;2023-02-18T01:54:14;40.47;;;27.75;;
3659;SDS011;1846;51.482;7.224;2023-02-18T01:56:46;39.00;;;25.23;;
3659;SDS011;1846;51.482;7.224;2023-02-18T01:59:20;43.03;;;26.38;;
3659;SDS011;1846;51.482;7.224;2023-02-18T02:01:51;42.10;;;25.63;;
3659;SDS011;1846;51.482;7.224;2023-02-18T02:04:20;38.15;;;24.60;;
3659;SDS011;1846;51.482;7.224;2023-02-18T02:06:47;39.85;;;23.40;;
3659;SDS011;1846;51.482;7.224;2023-02-18T02:09:15;31.10;;;23.37;;
3659;SDS011;1846;51.482;7.224;2023-02-18T02:11:57;29.40;;;20.95;;
3659;SDS011;1846;51.482;7.224;2023-02-18T02:14:39;31.83;;;22.90;;
3659;SDS011;1846;51.482;7.224;2023-02-18T02:17:16;30.40;;;21.75;;
3659;SDS011;1846;51.482;7.224;2023-02-18T02:20:00;27.05;;;20.83;;
3659;SDS011;1846;51.482;7.224;2023-02-18T02:23:06;33.15;;;20.73;;
3659;SDS011;1846;51.482;7.224;2023-02-18T02:26:09;31.05;;;21.13;;
3659;SDS011;1846;51.482;7.224;2023-02-18T02:29:14;31.35;;;21.30;;
3659;SDS011;1846;51.482;7.224;2023-02-18T02:34:57;27.63;;;20.08;;
3659;SDS011;1846;51.482;7.224;2023-02-18T02:37:30;27.03;;;19.63;;
3659;SDS011;1846;51.482;7.224;2023-02-18T02:40:06;28.10;;;20.77;;
3659;SDS011;1846;51.482;7.224;2023-02-18T02:42:45;27.15;;;20.00;;
3659;SDS011;1846;51.482;7.224;2023-02-18T02:45:21;23.85;;;18.05;;
3659;SDS011;1846;51.482;7.224;2023-02-18T02:47:55;22.90;;;17.50;;
3659;SDS011;1846;51.482;7.224;2023-02-18T02:50:33;22.00;;;16.30;;
3659;SDS011;1846;51.482;7.224;2023-02-18T02:53:10;21.85;;;15.88;;
3659;SDS011;1846;51.482;7.224;2023-02-18T02:55:41;18.10;;;14.70;;
3659;SDS011;1846;51.482;7.224;2023-02-18T02:58:08;17.65;;;13.70;;
3659;SDS011;1846;51.482;7.224;2023-02-18T03:00:42;19.40;;;14.95;;
3659;SDS011;1846;51.482;7.224;2023-02-18T03:03:29;14.90;;;12.63;;
3659;SDS011;1846;51.482;7.224;2023-02-18T03:09:15;14.20;;;12.70;;
3659;SDS011;1846;51.482;7.224;2023-02-18T03:11:50;14.85;;;12.00;;
3659;SDS011;1846;51.482;7.224;2023-02-18T03:14:26;13.00;;;11.00;;
3659;SDS011;1846;51.482;7.224;2023-02-18T03:16:57;13.85;;;11.10;;
3659;SDS011;1846;51.482;7.224;2023-02-18T03:19:28;13.57;;;11.77;;
3659;SDS011;1846;51.482;7.224;2023-02-18T03:21:59;15.10;;;10.52;;
3659;SDS011;1846;51.482;7.224;2023-02-18T03:24:32;12.30;;;10.30;;
3659;SDS011;1846;51.482;7.224;2023-02-18T03:27:03;13.00;;;10.70;;
3659;SDS011;1846;51.482;7.224;2023-02-18T03:29:35;13.73;;;10.10;;
3659;SDS011;1846;51.482;7.224;2023-02-18T03:32:04;14.00;;;9.77;;
3659;SDS011;1846;51.482;7.224;2023-02-18T03:34:34;12.07;;;9.35;;
3659;SDS011;1846;51.482;7.224;2023-02-18T03:37:04;14.27;;;10.27;;
3659;SDS011;1846;51.482;7.224;2023-02-18T03:39:34;14.10;;;10.90;;
3659;SDS011;1846;51.482;7.224;2023-02-18T03:42:02;14.23;;;10.00;;
3659;SDS011;1846;51.482;7.224;2023-02-18T03:44:29;12.77;;;10.00;;
3659;SDS011;1846;51.482;7.224;2023-02-18T03:46:56;14.38;;;10.30;;
3659;SDS011;1846;51.482;7.224;2023-02-18T03:49:23;13.88;;;10.25;;
3659;SDS011;1846;51.482;7.224;2023-02-18T03:51:51;14.20;;;10.27;;
3659;SDS011;1846;51.482;7.224;2023-02-18T03:54:18;15.90;;;11.47;;
3659;SDS011;1846;51.482;7.224;2023-02-18T03:56:46;18.60;;;12.18;;
3659;SDS011;1846;51.482;7.224;2023-02-18T03:59:13;16.60;;;12.50;;
3659;SDS011;1846;51.482;7.224;2023-02-18T04:01:39;19.85;;;13.27;;
3659;SDS011;1846;51.482;7.224;2023-02-18T04:04:06;22.13;;;13.57;;
3659;SDS011;1846;51.482;7.224;2023-02-18T04:06:33;20.60;;;12.43;;
3659;SDS011;1846;51.482;7.224;2023-02-18T04:09:02;17.83;;;12.70;;
3659;SDS011;1846;51.482;7.224;2023-02-18T04:11:32;21.37;;;13.57;;
3659;SDS011;1846;51.482;7.224;2023-02-18T04:14:02;20.47;;;13.57;;
3659;SDS011;1846;51.482;7.224;2023-02-18T04:16:29;19.30;;;12.70;;
3659;SDS011;1846;51.482;7.224;2023-02-18T04:18:55;22.63;;;14.05;;
3659;SDS011;1846;51.482;7.224;2023-02-18T04:21:22;21.02;;;12.85;;
3659;SDS011;1846;51.482;7.224;2023-02-18T04:23:49;19.10;;;12.80;;
3659;SDS011;1846;51.482;7.224;2023-02-18T04:26:16;17.60;;;12.63;;
3659;SDS011;1846;51.482;7.224;2023-02-18T04:28:43;20.57;;;12.47;;
3659;SDS011;1846;51.482;7.224;2023-02-18T04:31:11;19.70;;;12.23;;
3659;SDS011;1846;51.482;7.224;2023-02-18T04:33:39;18.23;;;12.63;;
3659;SDS011;1846;51.482;7.224;2023-02-18T04:36:06;18.48;;;11.68;;
3659;SDS011;1846;51.482;7.224;2023-02-18T04:38:33;20.52;;;13.60;;
3659;SDS011;1846;51.482;7.224;2023-02-18T04:41:00;21.70;;;13.00;;
3659;SDS011;1846;51.482;7.224;2023-02-18T04:43:27;20.20;;;12.43;;
3659;SDS011;1846;51.482;7.224;2023-02-18T04:45:54;22.00;;;13.38;;
3659;SDS011;1846;51.482;7.224;2023-02-18T04:48:22;19.48;;;11.25;;
3659;SDS011;1846;51.482;7.224;2023-02-18T04:50:49;18.27;;;11.10;;
3659;SDS011;1846;51.482;7.224;2023-02-18T04:53:16;16.98;;;10.73;;
3659;SDS011;1846;51.482;7.224;2023-02-18T04:55:43;14.70;;;10.05;;
3659;SDS011;1846;51.482;7.224;2023-02-18T04:58:15;13.60;;;9.00;;
3659;SDS011;1846;51.482;7.224;2023-02-18T05:00:41;12.40;;;8.35;;
3659;SDS011;1846;51.482;7.224;2023-02-18T05:03:08;11.90;;;7.28;;
3659;SDS011;1846;51.482;7.224;2023-02-18T05:05:36;9.43;;;6.80;;
3659;SDS011;1846;51.482;7.224;2023-02-18T05:08:03;7.78;;;6.40;;
3659;SDS011;1846;51.482;7.224;2023-02-18T05:10:30;9.07;;;6.30;;
3659;SDS011;1846;51.482;7.224;2023-02-18T05:12:57;6.95;;;6.03;;
3659;SDS011;1846;51.482;7.224;2023-02-18T05:15:24;6.20;;;5.03;;
3659;SDS011;1846;51.482;7.224;2023-02-18T05:17:51;5.10;;;4.60;;
3659;SDS011;1846;51.482;7.224;2023-02-18T05:20:18;5.47;;;4.82;;
3659;SDS011;1846;51.482;7.224;2023-02-18T05:22:46;5.15;;;4.20;;
3659;SDS011;1846;51.482;7.224;2023-02-18T05:25:13;4.18;;;3.60;;
3659;SDS011;1846;51.482;7.224;2023-02-18T05:27:40;4.88;;;3.83;;
3659;SDS011;1846;51.482;7.224;2023-02-18T05:30:07;3.90;;;3.50;;
3659;SDS011;1846;51.482;7.224;2023-02-18T05:32:34;4.20;;;3.90;;
3659;SDS011;1846;51.482;7.224;2023-02-18T05:35:01;3.50;;;3.20;;
3659;SDS011;1846;51.482;7.224;2023-02-18T05:37:28;3.70;;;3.40;;
3659;SDS011;1846;51.482;7.224;2023-02-18T05:39:57;2.92;;;2.72;;
3659;SDS011;1846;51.482;7.224;2023-02-18T05:42:23;3.08;;;2.83;;
3659;SDS011;1846;51.482;7.224;2023-02-18T05:44:50;2.80;;;2.60;;
3659;SDS011;1846;51.482;7.224;2023-02-18T05:47:17;2.90;;;2.70;;
3659;SDS011;1846;51.482;7.224;2023-02-18T05:49:44;2.65;;;2.47;;
3659;SDS011;1846;51.482;7.224;2023-02-18T05:52:11;3.78;;;3.10;;
3659;SDS011;1846;51.482;7.224;2023-02-18T05:54:38;3.30;;;3.10;;
3659;SDS011;1846;51.482;7.224;2023-02-18T05:57:07;2.95;;;2.75;;
3659;SDS011;1846;51.482;7.224;2023-02-18T05:59:34;3.80;;;3.38;;
3659;SDS011;1846;51.482;7.224;2023-02-18T06:02:00;3.20;;;2.90;;
3659;SDS011;1846;51.482;7.224;2023-02-18T06:04:27;3.13;;;2.92;;
3659;SDS011;1846;51.482;7.224;2023-02-18T06:06:54;3.75;;;3.45;;
3659;SDS011;1846;51.482;7.224;2023-02-18T06:09:21;3.58;;;3.28;;
3659;SDS011;1846;51.482;7.224;2023-02-18T06:11:48;3.13;;;2.92;;
3659;SDS011;1846;51.482;7.224;2023-02-18T06:14:17;3.10;;;2.90;;
3659;SDS011;1846;51.482;7.224;2023-02-18T06:16:44;4.28;;;3.30;;
3659;SDS011;1846;51.482;7.224;2023-02-18T06:19:11;3.30;;;3.10;;
3659;SDS011;1846;51.482;7.224;2023-02-18T06:21:37;3.50;;;2.85;;
3659;SDS011;1846;51.482;7.224;2023-02-18T06:24:05;3.25;;;2.97;;
3659;SDS011;1846;51.482;7.224;2023-02-18T06:26:32;2.78;;;2.58;;
3659;SDS011;1846;51.482;7.224;2023-02-18T06:28:59;3.50;;;3.30;;
3659;SDS011;1846;51.482;7.224;2023-02-18T06:31:27;2.90;;;2.70;;
3659;SDS011;1846;51.482;7.224;2023-02-18T06:33:54;3.00;;;2.70;;
3659;SDS011;1846;51.482;7.224;2023-02-18T06:36:21;3.38;;;3.17;;
3659;SDS011;1846;51.482;7.224;2023-02-18T06:38:48;4.00;;;3.70;;
3659;SDS011;1846;51.482;7.224;2023-02-18T06:41:15;3.58;;;3.28;;
3659;SDS011;1846;51.482;7.224;2023-02-18T06:43:42;3.55;;;3.15;;
3659;SDS011;1846;51.482;7.224;2023-02-18T06:46:08;3.88;;;3.30;;
3659;SDS011;1846;51.482;7.224;2023-02-18T06:48:37;4.03;;;3.63;;
3659;SDS011;1846;51.482;7.224;2023-02-18T06:51:05;2.53;;;2.33;;
3659;SDS011;1846;51.482;7.224;2023-02-18T06:53:32;2.63;;;2.42;;
3659;SDS011;1846;51.482;7.224;2023-02-18T06:55:59;3.10;;;2.90;;
3659;SDS011;1846;51.482;7.224;2023-02-18T06:58:26;3.20;;;2.90;;
3659;SDS011;1846;51.482;7.224;2023-02-18T07:00:53;3.50;;;3.20;;
3659;SDS011;1846;51.482;7.224;2023-02-18T07:03:19;3.22;;;3.03;;
3659;SDS011;1846;51.482;7.224;2023-02-18T07:05:48;4.10;;;3.70;;
3659;SDS011;1846;51.482;7.224;2023-02-18T07:08:15;4.82;;;3.70;;
3659;SDS011;1846;51.482;7.224;2023-02-18T07:10:43;3.20;;;2.90;;
3659;SDS011;1846;51.482;7.224;2023-02-18T07:13:09;3.20;;;2.93;;
3659;SDS011;1846;51.482;7.224;2023-02-18T07:15:36;4.38;;;3.67;;
3659;SDS011;1846;51.482;7.224;2023-02-18T07:18:03;3.22;;;2.85;;
3659;SDS011;1846;51.482;7.224;2023-02-18T07:20:30;3.17;;;2.93;;
3659;SDS011;1846;51.482;7.224;2023-02-18T07:22:59;3.30;;;2.97;;
3659;SDS011;1846;51.482;7.224;2023-02-18T07:25:26;3.42;;;3.13;;
3659;SDS011;1846;51.482;7.224;2023-02-18T07:27:53;3.80;;;3.40;;
3659;SDS011;1846;51.482;7.224;2023-02-18T07:30:20;4.60;;;4.20;;
3659;SDS011;1846;51.482;7.224;2023-02-18T07:32:47;3.90;;;3.60;;
3659;SDS011;1846;51.482;7.224;2023-02-18T07:35:14;3.53;;;3.22;;
3659;SDS011;1846;51.482;7.224;2023-02-18T07:37:43;4.50;;;4.10;;
3659;SDS011;1846;51.482;7.224;2023-02-18T07:40:13;3.70;;;3.40;;
3659;SDS011;1846;51.482;7.224;2023-02-18T07:42:42;4.20;;;3.80;;
3659;SDS011;1846;51.482;7.224;2023-02-18T07:45:09;4.37;;;3.97;;
3659;SDS011;1846;51.482;7.224;2023-02-18T07:47:36;4.70;;;4.30;;
3659;SDS011;1846;51.482;7.224;2023-02-18T07:50:04;5.13;;;4.65;;
3659;SDS011;1846;51.482;7.224;2023-02-18T07:52:32;6.40;;;4.47;;
3659;SDS011;1846;51.482;7.224;2023-02-18T07:54:58;4.80;;;4.40;;
3659;SDS011;1846;51.482;7.224;2023-02-18T07:57:27;6.53;;;4.72;;
3659;SDS011;1846;51.482;7.224;2023-02-18T07:59:53;4.32;;;4.03;;
3659;SDS011;1846;51.482;7.224;2023-02-18T08:02:21;4.40;;;4.00;;
3659;SDS011;1846;51.482;7.224;2023-02-18T08:04:49;3.80;;;3.50;;
3659;SDS011;1846;51.482;7.224;2023-02-18T08:07:16;3.40;;;3.20;;
3659;SDS011;1846;51.482;7.224;2023-02-18T08:09:45;4.32;;;3.80;;
3659;SDS011;1846;51.482;7.224;2023-02-18T08:12:13;2.50;;;2.30;;
3659;SDS011;1846;51.482;7.224;2023-02-18T08:14:41;2.10;;;1.83;;
3659;SDS011;1846;51.482;7.224;2023-02-18T08:17:08;3.60;;;1.90;;
3659;SDS011;1846;51.482;7.224;2023-02-18T08:19:34;2.00;;;1.90;;
3659;SDS011;1846;51.482;7.224;2023-02-18T08:22:01;4.85;;;1.90;;
3659;SDS011;1846;51.482;7.224;2023-02-18T08:24:28;3.70;;;2.00;;
3659;SDS011;1846;51.482;7.224;2023-02-18T08:26:55;1.80;;;1.70;;
3659;SDS011;1846;51.482;7.224;2023-02-18T08:29:22;1.45;;;1.35;;
3659;SDS011;1846;51.482;7.224;2023-02-18T08:31:50;1.80;;;1.37;;
3659;SDS011;1846;51.482;7.224;2023-02-18T08:34:18;1.92;;;1.77;;
3659;SDS011;1846;51.482;7.224;2023-02-18T08:36:45;2.83;;;1.70;;
3659;SDS011;1846;51.482;7.224;2023-02-18T08:39:12;3.00;;;2.80;;
3659;SDS011;1846;51.482;7.224;2023-02-18T08:41:38;3.80;;;3.50;;
3659;SDS011;1846;51.482;7.224;2023-02-18T08:44:05;3.33;;;3.03;;
3659;SDS011;1846;51.482;7.224;2023-02-18T08:46:32;2.45;;;2.25;;
3659;SDS011;1846;51.482;7.224;2023-02-18T08:49:00;2.60;;;1.75;;
3659;SDS011;1846;51.482;7.224;2023-02-18T08:51:27;2.10;;;1.30;;
3659;SDS011;1846;51.482;7.224;2023-02-18T08:53:55;1.30;;;1.20;;
3659;SDS011;1846;51.482;7.224;2023-02-18T08:56:22;1.30;;;1.10;;
3659;SDS011;1846;51.482;7.224;2023-02-18T08:58:49;4.40;;;2.10;;
3659;SDS011;1846;51.482;7.224;2023-02-18T09:01:16;2.20;;;1.98;;
3659;SDS011;1846;51.482;7.224;2023-02-18T09:03:43;3.60;;;3.05;;
3659;SDS011;1846;51.482;7.224;2023-02-18T09:06:11;3.55;;;2.78;;
3659;SDS011;1846;51.482;7.224;2023-02-18T09:08:38;3.17;;;2.50;;
3659;SDS011;1846;51.482;7.224;2023-02-18T09:11:04;7.57;;;3.13;;
3659;SDS011;1846;51.482;7.224;2023-02-18T09:13:32;6.60;;;2.97;;
3659;SDS011;1846;51.482;7.224;2023-02-18T09:16:00;8.23;;;3.70;;
3659;SDS011;1846;51.482;7.224;2023-02-18T09:18:28;6.63;;;3.20;;
3659;SDS011;1846;51.482;7.224;2023-02-18T09:20:55;5.32;;;3.20;;
3659;SDS011;1846;51.482;7.224;2023-02-18T09:23:25;8.55;;;3.70;;
3659;SDS011;1846;51.482;7.224;2023-02-18T09:25:52;9.30;;;2.88;;
3659;SDS011;1846;51.482;7.224;2023-02-18T09:28:19;5.22;;;3.20;;
3659;SDS011;1846;51.482;7.224;2023-02-18T09:30:47;8.10;;;2.83;;
3659;SDS011;1846;51.482;7.224;2023-02-18T09:33:14;5.95;;;2.80;;
3659;SDS011;1846;51.482;7.224;2023-02-18T09:35:42;6.57;;;3.13;;
3659;SDS011;1846;51.482;7.224;2023-02-18T09:38:10;6.95;;;3.33;;
3659;SDS011;1846;51.482;7.224;2023-02-18T09:40:41;6.07;;;3.28;;
3659;SDS011;1846;51.482;7.224;2023-02-18T09:43:11;10.10;;;3.83;;
3659;SDS011;1846;51.482;7.224;2023-02-18T09:45:46;7.90;;;3.40;;
3659;SDS011;1846;51.482;7.224;2023-02-18T09:48:14;8.18;;;3.20;;
3659;SDS011;1846;51.482;7.224;2023-02-18T09:50:50;9.25;;;3.60;;
3659;SDS011;1846;51.482;7.224;2023-02-18T09:53:18;7.80;;;3.93;;
3659;SDS011;1846;51.482;7.224;2023-02-18T09:55:48;10.35;;;4.20;;
3659;SDS011;1846;51.482;7.224;2023-02-18T09:58:18;7.68;;;3.45;;
3659;SDS011;1846;51.482;7.224;2023-02-18T10:00:47;9.30;;;4.90;;
3659;SDS011;1846;51.482;7.224;2023-02-18T10:03:16;11.15;;;4.63;;
3659;SDS011;1846;51.482;7.224;2023-02-18T10:05:48;9.32;;;4.55;;
3659;SDS011;1846;51.482;7.224;2023-02-18T10:08:22;10.98;;;4.95;;
3659;SDS011;1846;51.482;7.224;2023-02-18T10:10:52;10.77;;;5.30;;
3659;SDS011;1846;51.482;7.224;2023-02-18T10:13:20;11.80;;;6.43;;
3659;SDS011;1846;51.482;7.224;2023-02-18T10:15:49;8.53;;;4.93;;
3659;SDS011;1846;51.482;7.224;2023-02-18T10:18:19;15.27;;;5.50;;
3659;SDS011;1846;51.482;7.224;2023-02-18T10:20:50;13.05;;;6.43;;
3659;SDS011;1846;51.482;7.224;2023-02-18T10:23:18;17.63;;;6.10;;
3659;SDS011;1846;51.482;7.224;2023-02-18T10:25:48;9.88;;;4.80;;
3659;SDS011;1846;51.482;7.224;2023-02-18T10:28:18;9.98;;;4.10;;
3659;SDS011;1846;51.482;7.224;2023-02-18T10:30:49;12.27;;;4.30;;
3659;SDS011;1846;51.482;7.224;2023-02-18T10:33:26;13.15;;;5.75;;
3659;SDS011;1846;51.482;7.224;2023-02-18T10:36:01;12.60;;;4.38;;
3659;SDS011;1846;51.482;7.224;2023-02-18T10:38:37;9.52;;;3.45;;
3659;SDS011;1846;51.482;7.224;2023-02-18T10:41:15;8.07;;;4.68;;
3659;SDS011;1846;51.482;7.224;2023-02-18T10:43:53;9.45;;;4.07;;
3659;SDS011;1846;51.482;7.224;2023-02-18T10:46:25;12.10;;;4.80;;
3659;SDS011;1846;51.482;7.224;2023-02-18T10:49:08;12.25;;;4.65;;
3659;SDS011;1846;51.482;7.224;2023-02-18T10:51:50;7.85;;;4.47;;
3659;SDS011;1846;51.482;7.224;2023-02-18T10:54:22;9.00;;;5.00;;
3659;SDS011;1846;51.482;7.224;2023-02-18T10:56:49;13.17;;;5.00;;
3659;SDS011;1846;51.482;7.224;2023-02-18T10:59:21;10.57;;;4.43;;
3659;SDS011;1846;51.482;7.224;2023-02-18T11:01:52;15.82;;;5.65;;
3659;SDS011;1846;51.482;7.224;2023-02-18T11:04:22;11.30;;;5.28;;
3659;SDS011;1846;51.482;7.224;2023-02-18T11:06:51;15.48;;;5.35;;
3659;SDS011;1846;51.482;7.224;2023-02-18T11:09:24;16.60;;;6.65;;
3659;SDS011;1846;51.482;7.224;2023-02-18T11:11:59;17.75;;;7.60;;
3659;SDS011;1846;51.482;7.224;2023-02-18T11:14:37;19.75;;;7.05;;
3659;SDS011;1846;51.482;7.224;2023-02-18T11:17:09;15.50;;;7.33;;
3659;SDS011;1846;51.482;7.224;2023-02-18T11:19:45;13.18;;;8.32;;
3659;SDS011;1846;51.482;7.224;2023-02-18T11:22:19;9.90;;;7.50;;
3659;SDS011;1846;51.482;7.224;2023-02-18T11:24:47;14.10;;;9.43;;
3659;SDS011;1846;51.482;7.224;2023-02-18T11:27:20;17.23;;;10.60;;
3659;SDS011;1846;51.482;7.224;2023-02-18T11:29:52;13.77;;;9.50;;
3659;SDS011;1846;51.482;7.224;2023-02-18T11:32:24;14.02;;;9.63;;
3659;SDS011;1846;51.482;7.224;2023-02-18T11:34:52;20.52;;;9.15;;
3659;SDS011;1846;51.482;7.224;2023-02-18T11:37:20;12.27;;;7.85;;
3659;SDS011;1846;51.482;7.224;2023-02-18T11:39:48;11.05;;;7.40;;
3659;SDS011;1846;51.482;7.224;2023-02-18T11:42:18;9.60;;;7.03;;
3659;SDS011;1846;51.482;7.224;2023-02-18T11:44:48;10.35;;;7.30;;
3659;SDS011;1846;51.482;7.224;2023-02-18T11:47:21;13.27;;;7.50;;
3659;SDS011;1846;51.482;7.224;2023-02-18T11:52:46;16.55;;;9.43;;
3659;SDS011;1846;51.482;7.224;2023-02-18T11:55:16;15.23;;;9.57;;
3659;SDS011;1846;51.482;7.224;2023-02-18T11:57:45;15.75;;;9.65;;
3659;SDS011;1846;51.482;7.224;2023-02-18T12:00:20;17.50;;;11.70;;
3659;SDS011;1846;51.482;7.224;2023-02-18T12:02:49;16.40;;;12.32;;
3659;SDS011;1846;51.482;7.224;2023-02-18T12:05:20;15.57;;;10.60;;
3659;SDS011;1846;51.482;7.224;2023-02-18T12:07:49;15.45;;;10.50;;
3659;SDS011;1846;51.482;7.224;2023-02-18T12:10:22;16.95;;;11.10;;
3659;SDS011;1846;51.482;7.224;2023-02-18T12:12:53;18.67;;;11.47;;
3659;SDS011;1846;51.482;7.224;2023-02-18T12:15:28;13.18;;;9.70;;
3659;SDS011;1846;51.482;7.224;2023-02-18T12:20:57;16.17;;;11.60;;
3659;SDS011;1846;51.482;7.224;2023-02-18T12:23:41;14.95;;;11.48;;
3659;SDS011;1846;51.482;7.224;2023-02-18T12:26:21;19.02;;;13.02;;
3659;SDS011;1846;51.482;7.224;2023-02-18T12:29:09;17.90;;;12.55;;
3659;SDS011;1846;51.482;7.224;2023-02-18T12:32:10;14.65;;;11.70;;
3659;SDS011;1846;51.482;7.224;2023-02-18T12:34:56;14.85;;;13.15;;
3659;SDS011;1846;51.482;7.224;2023-02-18T12:37:52;16.63;;;11.40;;
3659;SDS011;1846;51.482;7.224;2023-02-18T12:40:36;16.80;;;13.70;;
3659;SDS011;1846;51.482;7.224;2023-02-18T12:43:15;16.08;;;12.35;;
3659;SDS011;1846;51.482;7.224;2023-02-18T12:46:01;14.20;;;12.67;;
3659;SDS011;1846;51.482;7.224;2023-02-18T12:48:51;19.88;;;14.30;;
3659;SDS011;1846;51.482;7.224;2023-02-18T12:51:32;19.67;;;14.93;;
3659;SDS011;1846;51.482;7.224;2023-02-18T12:54:14;17.83;;;13.25;;
3659;SDS011;1846;51.482;7.224;2023-02-18T12:56:56;19.50;;;14.80;;
3659;SDS011;1846;51.482;7.224;2023-02-18T12:59:37;21.02;;;16.00;;
3659;SDS011;1846;51.482;7.224;2023-02-18T13:02:41;21.90;;;15.70;;
3659;SDS011;1846;51.482;7.224;2023-02-18T13:05:31;18.35;;;15.00;;
3659;SDS011;1846;51.482;7.224;2023-02-18T13:08:10;18.83;;;15.93;;
3659;SDS011;1846;51.482;7.224;2023-02-18T13:10:55;23.13;;;17.40;;
3659;SDS011;1846;51.482;7.224;2023-02-18T13:13:32;20.80;;;16.73;;
3659;SDS011;1846;51.482;7.224;2023-02-18T13:16:01;22.40;;;18.17;;
3659;SDS011;1846;51.482;7.224;2023-02-18T13:18:30;22.98;;;17.92;;
3659;SDS011;1846;51.482;7.224;2023-02-18T13:21:04;24.55;;;20.00;;
3659;SDS011;1846;51.482;7.224;2023-02-18T13:23:36;24.73;;;19.20;;
3659;SDS011;1846;51.482;7.224;2023-02-18T13:26:06;26.57;;;18.70;;
3659;SDS011;1846;51.482;7.224;2023-02-18T13:28:38;23.00;;;18.15;;
3659;SDS011;1846;51.482;7.224;2023-02-18T13:31:13;25.88;;;19.05;;
3659;SDS011;1846;51.482;7.224;2023-02-18T13:33:49;24.08;;;18.80;;
3659;SDS011;1846;51.482;7.224;2023-02-18T13:36:27;25.58;;;18.20;;
3659;SDS011;1846;51.482;7.224;2023-02-18T13:39:03;25.45;;;18.02;;
3659;SDS011;1846;51.482;7.224;2023-02-18T13:41:35;26.13;;;19.73;;
3659;SDS011;1846;51.482;7.224;2023-02-18T13:44:07;28.30;;;19.52;;
3659;SDS011;1846;51.482;7.224;2023-02-18T13:46:46;24.20;;;17.52;;
3659;SDS011;1846;51.482;7.224;2023-02-18T13:49:15;23.35;;;18.08;;
3659;SDS011;1846;51.482;7.224;2023-02-18T13:51:48;22.75;;;18.33;;
3659;SDS011;1846;51.482;7.224;2023-02-18T13:54:17;22.70;;;18.20;;
3659;SDS011;1846;51.482;7.224;2023-02-18T13:56:49;24.92;;;17.50;;
3659;SDS011;1846;51.482;7.224;2023-02-18T13:59:21;26.17;;;17.42;;
3659;SDS011;1846;51.482;7.224;2023-02-18T14:02:06;24.03;;;18.27;;
3659;SDS011;1846;51.482;7.224;2023-02-18T14:04:50;26.67;;;19.65;;
3659;SDS011;1846;51.482;7.224;2023-02-18T14:07:28;28.90;;;20.08;;
3659;SDS011;1846;51.482;7.224;2023-02-18T14:10:04;27.25;;;20.17;;
3659;SDS011;1846;51.482;7.224;2023-02-18T14:12:36;27.52;;;19.90;;
3659;SDS011;1846;51.482;7.224;2023-02-18T14:18:09;31.23;;;22.80;;
3659;SDS011;1846;51.482;7.224;2023-02-18T14:21:04;33.70;;;24.70;;
3659;SDS011;1846;51.482;7.224;2023-02-18T14:26:36;35.03;;;25.70;;
3659;SDS011;1846;51.482;7.224;2023-02-18T14:29:07;38.67;;;27.30;;
3659;SDS011;1846;51.482;7.224;2023-02-18T14:31:42;40.90;;;28.57;;
3659;SDS011;1846;51.482;7.224;2023-02-18T14:37:19;39.60;;;28.25;;
3659;SDS011;1846;51.482;7.224;2023-02-18T14:40:24;42.22;;;30.17;;
3659;SDS011;1846;51.482;7.224;2023-02-18T14:43:00;42.83;;;29.13;;
3659;SDS011;1846;51.482;7.224;2023-02-18T14:45:36;40.63;;;28.30;;
3659;SDS011;1846;51.482;7.224;2023-02-18T14:48:27;42.77;;;28.40;;
3659;SDS011;1846;51.482;7.224;2023-02-18T14:51:05;39.08;;;27.67;;
3659;SDS011;1846;51.482;7.224;2023-02-18T14:53:32;41.53;;;28.65;;
3659;SDS011;1846;51.482;7.224;2023-02-18T14:56:09;42.55;;;27.73;;
3659;SDS011;1846;51.482;7.224;2023-02-18T14:58:42;41.22;;;27.52;;
3659;SDS011;1846;51.482;7.224;2023-02-18T15:01:17;36.97;;;26.95;;
3659;SDS011;1846;51.482;7.224;2023-02-18T15:03:46;35.42;;;26.27;;
3659;SDS011;1846;51.482;7.224;2023-02-18T15:06:21;40.78;;;26.35;;
3659;SDS011;1846;51.482;7.224;2023-02-18T15:08:49;32.25;;;24.60;;
3659;SDS011;1846;51.482;7.224;2023-02-18T15:11:17;39.53;;;26.77;;
3659;SDS011;1846;51.482;7.224;2023-02-18T15:13:46;36.78;;;25.98;;
3659;SDS011;1846;51.482;7.224;2023-02-18T15:16:15;38.90;;;26.40;;
3659;SDS011;1846;51.482;7.224;2023-02-18T15:18:47;37.30;;;27.93;;
3659;SDS011;1846;51.482;7.224;2023-02-18T15:21:18;44.30;;;28.05;;
3659;SDS011;1846;51.482;7.224;2023-02-18T15:23:47;39.72;;;27.30;;
3659;SDS011;1846;51.482;7.224;2023-02-18T15:26:15;35.67;;;25.67;;
3659;SDS011;1846;51.482;7.224;2023-02-18T15:28:50;39.72;;;28.65;;
3659;SDS011;1846;51.482;7.224;2023-02-18T15:31:24;39.92;;;28.33;;
3659;SDS011;1846;51.482;7.224;2023-02-18T15:33:51;40.20;;;26.25;;
3659;SDS011;1846;51.482;7.224;2023-02-18T15:36:18;39.05;;;25.85;;
3659;SDS011;1846;51.482;7.224;2023-02-18T15:38:45;37.72;;;25.58;;
3659;SDS011;1846;51.482;7.224;2023-02-18T15:41:13;35.80;;;25.38;;
3659;SDS011;1846;51.482;7.224;2023-02-18T15:43:51;35.35;;;27.58;;
3659;SDS011;1846;51.482;7.224;2023-02-18T15:46:20;33.92;;;24.98;;
3659;SDS011;1846;51.482;7.224;2023-02-18T15:48:50;36.35;;;24.77;;
3659;SDS011;1846;51.482;7.224;2023-02-18T15:51:18;30.42;;;23.77;;
3659;SDS011;1846;51.482;7.224;2023-02-18T15:53:48;32.45;;;23.52;;
3659;SDS011;1846;51.482;7.224;2023-02-18T15:56:19;36.33;;;25.73;;
3659;SDS011;1846;51.482;7.224;2023-02-18T15:58:56;30.98;;;22.60;;
3659;SDS011;1846;51.482;7.224;2023-02-18T16:01:34;33.50;;;23.43;;
3659;SDS011;1846;51.482;7.224;2023-02-18T16:04:01;30.27;;;22.73;;
3659;SDS011;1846;51.482;7.224;2023-02-18T16:06:30;29.52;;;22.33;;
3659;SDS011;1846;51.482;7.224;2023-02-18T16:09:06;31.08;;;22.20;;
3659;SDS011;1846;51.482;7.224;2023-02-18T16:11:39;30.58;;;23.60;;
3659;SDS011;1846;51.482;7.224;2023-02-18T16:14:20;29.13;;;23.02;;
3659;SDS011;1846;51.482;7.224;2023-02-18T16:16:56;27.02;;;22.38;;
3659;SDS011;1846;51.482;7.224;2023-02-18T16:19:30;27.48;;;20.95;;
3659;SDS011;1846;51.482;7.224;2023-02-18T16:22:02;35.45;;;23.38;;
3659;SDS011;1846;51.482;7.224;2023-02-18T16:24:30;28.27;;;20.73;;
3659;SDS011;1846;51.482;7.224;2023-02-18T16:27:05;31.23;;;21.03;;
3659;SDS011;1846;51.482;7.224;2023-02-18T16:29:41;30.30;;;20.52;;
3659;SDS011;1846;51.482;7.224;2023-02-18T16:32:08;29.80;;;22.67;;
3659;SDS011;1846;51.482;7.224;2023-02-18T16:34:36;36.88;;;22.17;;
3659;SDS011;1846;51.482;7.224;2023-02-18T16:37:02;32.83;;;22.73;;
3659;SDS011;1846;51.482;7.224;2023-02-18T16:39:48;32.58;;;22.98;;
3659;SDS011;1846;51.482;7.224;2023-02-18T16:42:16;29.10;;;21.95;;
3659;SDS011;1846;51.482;7.224;2023-02-18T16:44:44;34.50;;;23.60;;
3659;SDS011;1846;51.482;7.224;2023-02-18T16:47:13;28.75;;;22.20;;
3659;SDS011;1846;51.482;7.224;2023-02-18T16:49:41;29.73;;;22.35;;
3659;SDS011;1846;51.482;7.224;2023-02-18T16:52:10;29.08;;;22.58;;
3659;SDS011;1846;51.482;7.224;2023-02-18T16:54:41;33.28;;;23.20;;
3659;SDS011;1846;51.482;7.224;2023-02-18T16:57:10;32.53;;;23.48;;
3659;SDS011;1846;51.482;7.224;2023-02-18T16:59:39;31.80;;;22.88;;
3659;SDS011;1846;51.482;7.224;2023-02-18T17:02:10;29.27;;;21.90;;
3659;SDS011;1846;51.482;7.224;2023-02-18T17:04:42;30.20;;;21.80;;
3659;SDS011;1846;51.482;7.224;2023-02-18T17:07:09;35.53;;;23.37;;
3659;SDS011;1846;51.482;7.224;2023-02-18T17:09:36;28.83;;;21.42;;
3659;SDS011;1846;51.482;7.224;2023-02-18T17:12:04;34.67;;;22.83;;
3659;SDS011;1846;51.482;7.224;2023-02-18T17:14:31;29.63;;;21.02;;
3659;SDS011;1846;51.482;7.224;2023-02-18T17:16:58;34.60;;;22.63;;
3659;SDS011;1846;51.482;7.224;2023-02-18T17:19:27;28.67;;;20.48;;
3659;SDS011;1846;51.482;7.224;2023-02-18T17:21:53;30.30;;;22.05;;
3659;SDS011;1846;51.482;7.224;2023-02-18T17:24:20;27.98;;;20.90;;
3659;SDS011;1846;51.482;7.224;2023-02-18T17:26:47;28.27;;;20.42;;
3659;SDS011;1846;51.482;7.224;2023-02-18T17:29:14;26.95;;;21.45;;
3659;SDS011;1846;51.482;7.224;2023-02-18T17:31:42;29.45;;;20.40;;
3659;SDS011;1846;51.482;7.224;2023-02-18T17:34:12;31.58;;;19.27;;
3659;SDS011;1846;51.482;7.224;2023-02-18T17:36:42;28.13;;;20.25;;
3659;SDS011;1846;51.482;7.224;2023-02-18T17:39:10;25.30;;;18.90;;
3659;SDS011;1846;51.482;7.224;2023-02-18T17:41:39;26.65;;;19.08;;
3659;SDS011;1846;51.482;7.224;2023-02-18T17:44:09;22.60;;;17.45;;
3659;SDS011;1846;51.482;7.224;2023-02-18T17:46:39;21.58;;;17.42;;
3659;SDS011;1846;51.482;7.224;2023-02-18T17:49:09;28.38;;;18.65;;
3659;SDS011;1846;51.482;7.224;2023-02-18T17:51:36;25.15;;;17.85;;
3659;SDS011;1846;51.482;7.224;2023-02-18T17:54:09;25.73;;;18.63;;
3659;SDS011;1846;51.482;7.224;2023-02-18T17:56:37;28.53;;;19.07;;
3659;SDS011;1846;51.482;7.224;2023-02-18T17:59:04;29.93;;;21.10;;
3659;SDS011;1846;51.482;7.224;2023-02-18T18:01:31;23.33;;;20.13;;
3659;SDS011;1846;51.482;7.224;2023-02-18T18:03:58;28.50;;;21.90;;
3659;SDS011;1846;51.482;7.224;2023-02-18T18:06:25;34.13;;;22.63;;
3659;SDS011;1846;51.482;7.224;2023-02-18T18:08:52;28.23;;;22.20;;
3659;SDS011;1846;51.482;7.224;2023-02-18T18:11:21;31.05;;;23.05;;
3659;SDS011;1846;51.482;7.224;2023-02-18T18:13:50;31.55;;;23.38;;
3659;SDS011;1846;51.482;7.224;2023-02-18T18:16:18;38.47;;;24.75;;
3659;SDS011;1846;51.482;7.224;2023-02-18T18:18:45;28.05;;;22.55;;
3659;SDS011;1846;51.482;7.224;2023-02-18T18:21:14;28.15;;;21.23;;
3659;SDS011;1846;51.482;7.224;2023-02-18T18:23:45;30.90;;;21.47;;
3659;SDS011;1846;51.482;7.224;2023-02-18T18:26:12;37.13;;;23.87;;
3659;SDS011;1846;51.482;7.224;2023-02-18T18:28:40;34.65;;;22.20;;
3659;SDS011;1846;51.482;7.224;2023-02-18T18:31:08;35.97;;;23.77;;
3659;SDS011;1846;51.482;7.224;2023-02-18T18:33:40;37.47;;;25.35;;
3659;SDS011;1846;51.482;7.224;2023-02-18T18:36:07;35.10;;;23.52;;
3659;SDS011;1846;51.482;7.224;2023-02-18T18:38:34;33.75;;;23.48;;
3659;SDS011;1846;51.482;7.224;2023-02-18T18:41:01;37.58;;;22.95;;
3659;SDS011;1846;51.482;7.224;2023-02-18T18:43:29;35.10;;;23.05;;
3659;SDS011;1846;51.482;7.224;2023-02-18T18:45:58;30.50;;;21.15;;
3659;SDS011;1846;51.482;7.224;2023-02-18T18:48:24;32.13;;;20.50;;
3659;SDS011;1846;51.482;7.224;2023-02-18T18:50:52;27.40;;;18.70;;
3659;SDS011;1846;51.482;7.224;2023-02-18T18:53:21;31.20;;;18.70;;
3659;SDS011;1846;51.482;7.224;2023-02-18T18:55:50;27.85;;;17.92;;
3659;SDS011;1846;51.482;7.224;2023-02-18T18:58:18;28.88;;;18.45;;
3659;SDS011;1846;51.482;7.224;2023-02-18T19:00:48;29.60;;;18.13;;
3659;SDS011;1846;51.482;7.224;2023-02-18T19:03:18;26.38;;;19.13;;
3659;SDS011;1846;51.482;7.224;2023-02-18T19:05:46;33.53;;;20.20;;
3659;SDS011;1846;51.482;7.224;2023-02-18T19:08:13;33.35;;;22.20;;
3659;SDS011;1846;51.482;7.224;2023-02-18T19:10:42;29.00;;;20.80;;
3659;SDS011;1846;51.482;7.224;2023-02-18T19:13:11;33.55;;;21.55;;
3659;SDS011;1846;51.482;7.224;2023-02-18T19:15:40;31.70;;;21.97;;
3659;SDS011;1846;51.482;7.224;2023-02-18T19:18:08;29.92;;;21.88;;
3659;SDS011;1846;51.482;7.224;2023-02-18T19:20:39;33.35;;;22.50;;
3659;SDS011;1846;51.482;7.224;2023-02-18T19:23:07;31.73;;;21.83;;
3659;SDS011;1846;51.482;7.224;2023-02-18T19:25:34;35.50;;;23.77;;
3659;SDS011;1846;51.482;7.224;2023-02-18T19:28:02;35.28;;;23.42;;
3659;SDS011;1846;51.482;7.224;2023-02-18T19:30:30;35.17;;;22.55;;
3659;SDS011;1846;51.482;7.224;2023-02-18T19:32:58;32.65;;;22.88;;
3659;SDS011;1846;51.482;7.224;2023-02-18T19:35:27;28.92;;;21.27;;
3659;SDS011;1846;51.482;7.224;2023-02-18T19:37:56;26.77;;;20.33;;
3659;SDS011;1846;51.482;7.224;2023-02-18T19:40:23;29.55;;;18.85;;
3659;SDS011;1846;51.482;7.224;2023-02-18T19:42:52;23.38;;;19.52;;
3659;SDS011;1846;51.482;7.224;2023-02-18T19:45:19;22.45;;;18.00;;
3659;SDS011;1846;51.482;7.224;2023-02-18T19:47:48;22.75;;;18.67;;
3659;SDS011;1846;51.482;7.224;2023-02-18T19:50:18;25.88;;;18.70;;
3659;SDS011;1846;51.482;7.224;2023-02-18T19:52:46;26.40;;;19.58;;
3659;SDS011;1846;51.482;7.224;2023-02-18T19:55:14;31.65;;;22.25;;
3659;SDS011;1846;51.482;7.224;2023-02-18T19:57:41;29.65;;;22.13;;
3659;SDS011;1846;51.482;7.224;2023-02-18T20:00:10;37.33;;;25.38;;
3659;SDS011;1846;51.482;7.224;2023-02-18T20:02:39;37.70;;;25.10;;
3659;SDS011;1846;51.482;7.224;2023-02-18T20:05:06;40.83;;;27.05;;
3659;SDS011;1846;51.482;7.224;2023-02-18T20:07:36;38.08;;;25.30;;
3659;SDS011;1846;51.482;7.224;2023-02-18T20:10:05;36.88;;;26.70;;
3659;SDS011;1846;51.482;7.224;2023-02-18T20:12:34;35.88;;;25.98;;
3659;SDS011;1846;51.482;7.224;2023-02-18T20:15:02;39.05;;;24.42;;
3659;SDS011;1846;51.482;7.224;2023-02-18T20:17:29;37.88;;;24.15;;
3659;SDS011;1846;51.482;7.224;2023-02-18T20:19:56;32.78;;;23.05;;
3659;SDS011;1846;51.482;7.224;2023-02-18T20:22:23;31.10;;;22.92;;
3659;SDS011;1846;51.482;7.224;2023-02-18T20:24:49;36.10;;;24.00;;
3659;SDS011;1846;51.482;7.224;2023-02-18T20:27:16;35.40;;;23.10;;
3659;SDS011;1846;51.482;7.224;2023-02-18T20:29:45;29.40;;;21.95;;
3659;SDS011;1846;51.482;7.224;2023-02-18T20:32:11;32.95;;;21.17;;
3659;SDS011;1846;51.482;7.224;2023-02-18T20:34:38;28.40;;;19.95;;
3659;SDS011;1846;51.482;7.224;2023-02-18T20:37:05;32.30;;;21.98;;
3659;SDS011;1846;51.482;7.224;2023-02-18T20:39:32;30.63;;;20.63;;
3659;SDS011;1846;51.482;7.224;2023-02-18T20:41:59;27.35;;;18.35;;
3659;SDS011;1846;51.482;7.224;2023-02-18T20:44:26;26.93;;;18.60;;
3659;SDS011;1846;51.482;7.224;2023-02-18T20:46:54;26.65;;;19.50;;
3659;SDS011;1846;51.482;7.224;2023-02-18T20:49:21;29.63;;;20.15;;
3659;SDS011;1846;51.482;7.224;2023-02-18T20:51:48;29.75;;;20.33;;
3659;SDS011;1846;51.482;7.224;2023-02-18T20:54:16;32.85;;;20.33;;
3659;SDS011;1846;51.482;7.224;2023-02-18T20:56:45;25.23;;;19.40;;
3659;SDS011;1846;51.482;7.224;2023-02-18T20:59:13;25.85;;;19.63;;
3659;SDS011;1846;51.482;7.224;2023-02-18T21:01:41;25.25;;;18.80;;
3659;SDS011;1846;51.482;7.224;2023-02-18T21:04:10;25.52;;;18.88;;
3659;SDS011;1846;51.482;7.224;2023-02-18T21:06:39;27.35;;;18.40;;
3659;SDS011;1846;51.482;7.224;2023-02-18T21:09:06;27.23;;;19.40;;
3659;SDS011;1846;51.482;7.224;2023-02-18T21:11:33;25.73;;;18.65;;
3659;SDS011;1846;51.482;7.224;2023-02-18T21:14:00;27.45;;;19.33;;
3659;SDS011;1846;51.482;7.224;2023-02-18T21:16:29;24.73;;;17.90;;
3659;SDS011;1846;51.482;7.224;2023-02-18T21:18:58;25.43;;;17.87;;
3659;SDS011;1846;51.482;7.224;2023-02-18T21:21:27;29.45;;;19.15;;
3659;SDS011;1846;51.482;7.224;2023-02-18T21:23:54;30.80;;;20.00;;
3659;SDS011;1846;51.482;7.224;2023-02-18T21:26:21;29.85;;;19.25;;
3659;SDS011;1846;51.482;7.224;2023-02-18T21:28:50;29.45;;;18.92;;
3659;SDS011;1846;51.482;7.224;2023-02-18T21:31:18;28.40;;;19.42;;
3659;SDS011;1846;51.482;7.224;2023-02-18T21:33:47;23.85;;;19.48;;
3659;SDS011;1846;51.482;7.224;2023-02-18T21:36:15;27.17;;;20.00;;
3659;SDS011;1846;51.482;7.224;2023-02-18T21:38:45;28.48;;;21.27;;
3659;SDS011;1846;51.482;7.224;2023-02-18T21:41:16;28.25;;;18.98;;
3659;SDS011;1846;51.482;7.224;2023-02-18T21:43:43;31.83;;;20.57;;
3659;SDS011;1846;51.482;7.224;2023-02-18T21:46:12;29.38;;;21.00;;
3659;SDS011;1846;51.482;7.224;2023-02-18T21:48:40;27.40;;;19.83;;
3659;SDS011;1846;51.482;7.224;2023-02-18T21:51:25;32.00;;;20.90;;
3659;SDS011;1846;51.482;7.224;2023-02-18T21:54:11;30.20;;;20.45;;
3659;SDS011;1846;51.482;7.224;2023-02-18T21:56:39;29.08;;;20.77;;
3659;SDS011;1846;51.482;7.224;2023-02-18T21:59:06;27.85;;;20.08;;
3659;SDS011;1846;51.482;7.224;2023-02-18T22:01:33;30.23;;;21.08;;
3659;SDS011;1846;51.482;7.224;2023-02-18T22:04:00;27.88;;;20.55;;
3659;SDS011;1846;51.482;7.224;2023-02-18T22:06:27;26.83;;;19.25;;
3659;SDS011;1846;51.482;7.224;2023-02-18T22:08:54;30.17;;;20.03;;
3659;SDS011;1846;51.482;7.224;2023-02-18T22:11:22;30.33;;;20.10;;
3659;SDS011;1846;51.482;7.224;2023-02-18T22:13:49;37.05;;;20.98;;
3659;SDS011;1846;51.482;7.224;2023-02-18T22:16:15;30.67;;;19.10;;
3659;SDS011;1846;51.482;7.224;2023-02-18T22:18:42;26.00;;;17.77;;
3659;SDS011;1846;51.482;7.224;2023-02-18T22:21:09;29.55;;;19.60;;
3659;SDS011;1846;51.482;7.224;2023-02-18T22:23:36;31.25;;;18.98;;
3659;SDS011;1846;51.482;7.224;2023-02-18T22:26:03;28.10;;;19.55;;
3659;SDS011;1846;51.482;7.224;2023-02-18T22:28:33;28.65;;;21.48;;
3659;SDS011;1846;51.482;7.224;2023-02-18T22:31:04;37.42;;;21.30;;
3659;SDS011;1846;51.482;7.224;2023-02-18T22:33:31;31.98;;;19.73;;
3659;SDS011;1846;51.482;7.224;2023-02-18T22:35:59;30.75;;;19.90;;
3659;SDS011;1846;51.482;7.224;2023-02-18T22:38:26;27.25;;;18.25;;
3659;SDS011;1846;51.482;7.224;2023-02-18T22:40:55;25.17;;;18.55;;
3659;SDS011;1846;51.482;7.224;2023-02-18T22:43:27;30.33;;;19.95;;
3659;SDS011;1846;51.482;7.224;2023-02-18T22:45:56;29.70;;;20.00;;
3659;SDS011;1846;51.482;7.224;2023-02-18T22:48:28;32.80;;;21.55;;
3659;SDS011;1846;51.482;7.224;2023-02-18T22:50:57;31.38;;;21.75;;
3659;SDS011;1846;51.482;7.224;2023-02-18T22:53:29;32.17;;;22.23;;
3659;SDS011;1846;51.482;7.224;2023-02-18T22:55:57;33.85;;;20.30;;
3659;SDS011;1846;51.482;7.224;2023-02-18T22:58:25;27.55;;;19.17;;
3659;SDS011;1846;51.482;7.224;2023-02-18T23:00:52;29.23;;;19.35;;
3659;SDS011;1846;51.482;7.224;2023-02-18T23:03:20;28.40;;;18.95;;
3659;SDS011;1846;51.482;7.224;2023-02-18T23:05:47;35.00;;;20.90;;
3659;SDS011;1846;51.482;7.224;2023-02-18T23:08:14;27.48;;;19.17;;
3659;SDS011;1846;51.482;7.224;2023-02-18T23:10:41;24.80;;;18.13;;
3659;SDS011;1846;51.482;7.224;2023-02-18T23:13:07;22.13;;;16.60;;
3659;SDS011;1846;51.482;7.224;2023-02-18T23:15:34;22.73;;;18.27;;
3659;SDS011;1846;51.482;7.224;2023-02-18T23:18:01;19.33;;;14.23;;
3659;SDS011;1846;51.482;7.224;2023-02-18T23:20:30;20.97;;;16.20;;
3659;SDS011;1846;51.482;7.224;2023-02-18T23:23:14;23.33;;;15.75;;
3659;SDS011;1846;51.482;7.224;2023-02-18T23:25:41;22.77;;;16.08;;
3659;SDS011;1846;51.482;7.224;2023-02-18T23:28:08;24.83;;;17.88;;
3659;SDS011;1846;51.482;7.224;2023-02-18T23:30:35;24.15;;;17.20;;
3659;SDS011;1846;51.482;7.224;2023-02-18T23:33:02;25.75;;;16.60;;
3659;SDS011;1846;51.482;7.224;2023-02-18T23:35:30;23.50;;;17.52;;
3659;SDS011;1846;51.482;7.224;2023-02-18T23:37:57;26.17;;;17.52;;
3659;SDS011;1846;51.482;7.224;2023-02-18T23:40:30;22.80;;;17.60;;
3659;SDS011;1846;51.482;7.224;2023-02-18T23:42:57;27.40;;;17.55;;
3659;SDS011;1846;51.482;7.224;2023-02-18T23:45:24;20.67;;;15.85;;
3659;SDS011;1846;51.482;7.224;2023-02-18T23:47:52;27.53;;;19.17;;
3659;SDS011;1846;51.482;7.224;2023-02-18T23:50:19;25.95;;;19.00;;
3659;SDS011;1846;51.482;7.224;2023-02-18T23:52:47;25.02;;;18.15;;
3659;SDS011;1846;51.482;7.224;2023-02-18T23:55:15;24.98;;;19.65;;
3659;SDS011;1846;51.482;7.224;2023-02-18T23:57:42;27.75;;;21.20;;
