sensor_id;sensor_type;location;lat;lon;timestamp;temperature;humidity
3660;DHT22;1846;51.482;7.224;2023-02-19T00:00:11;10.70;99.90
3660;DHT22;1846;51.482;7.224;2023-02-19T00:02:40;10.60;99.90
3660;DHT22;1846;51.482;7.224;2023-02-19T00:05:08;10.70;99.90
3660;DHT22;1846;51.482;7.224;2023-02-19T00:07:35;10.70;99.90
3660;DHT22;1846;51.482;7.224;2023-02-19T00:10:03;10.80;99.90
3660;DHT22;1846;51.482;7.224;2023-02-19T00:12:30;10.80;99.90
3660;DHT22;1846;51.482;7.224;2023-02-19T00:14:57;10.80;99.90
3660;DHT22;1846;51.482;7.224;2023-02-19T00:17:25;10.70;99.90
3660;DHT22;1846;51.482;7.224;2023-02-19T00:19:52;10.80;99.90
3660;DHT22;1846;51.482;7.224;2023-02-19T00:22:19;10.70;99.90
3660;DHT22;1846;51.482;7.224;2023-02-19T00:24:47;10.70;99.90
3660;DHT22;1846;51.482;7.224;2023-02-19T00:27:15;10.80;99.90
3660;DHT22;1846;51.482;7.224;2023-02-19T00:29:42;10.60;99.90
3660;DHT22;1846;51.482;7.224;2023-02-19T00:32:09;10.80;99.90
3660;DHT22;1846;51.482;7.224;2023-02-19T00:34:36;10.70;99.90
3660;DHT22;1846;51.482;7.224;2023-02-19T00:37:03;10.70;99.90
3660;DHT22;1846;51.482;7.224;2023-02-19T00:39:30;10.70;99.90
3660;DHT22;1846;51.482;7.224;2023-02-19T00:41:56;10.80;99.90
3660;DHT22;1846;51.482;7.224;2023-02-19T00:44:26;10.80;99.90
3660;DHT22;1846;51.482;7.224;2023-02-19T00:46:53;10.80;99.90
3660;DHT22;1846;51.482;7.224;2023-02-19T00:49:21;10.70;99.90
3660;DHT22;1846;51.482;7.224;2023-02-19T00:51:49;10.80;99.90
3660;DHT22;1846;51.482;7.224;2023-02-19T00:54:17;10.70;99.90
3660;DHT22;1846;51.482;7.224;2023-02-19T00:56:44;10.70;99.90
3660;DHT22;1846;51.482;7.224;2023-02-19T00:59:12;10.70;99.90
3660;DHT22;1846;51.482;7.224;2023-02-19T01:01:41;10.80;99.90
3660;DHT22;1846;51.482;7.224;2023-02-19T01:04:09;10.80;99.90
3660;DHT22;1846;51.482;7.224;2023-02-19T01:06:36;10.90;99.90
3660;DHT22;1846;51.482;7.224;2023-02-19T01:09:04;10.80;99.90
3660;DHT22;1846;51.482;7.224;2023-02-19T01:11:31;10.80;99.90
3660;DHT22;1846;51.482;7.224;2023-02-19T01:13:59;10.90;99.90
3660;DHT22;1846;51.482;7.224;2023-02-19T01:16:26;10.80;99.90
3660;DHT22;1846;51.482;7.224;2023-02-19T01:18:56;10.70;99.90
3660;DHT22;1846;51.482;7.224;2023-02-19T01:21:25;10.80;99.90
3660;DHT22;1846;51.482;7.224;2023-02-19T01:23:53;10.70;99.90
3660;DHT22;1846;51.482;7.224;2023-02-19T01:26:22;10.70;99.90
3660;DHT22;1846;51.482;7.224;2023-02-19T01:28:49;10.70;99.90
3660;DHT22;1846;51.482;7.224;2023-02-19T01:31:18;10.70;99.90
3660;DHT22;1846;51.482;7.224;2023-02-19T01:33:45;10.70;99.90
3660;DHT22;1846;51.482;7.224;2023-02-19T01:36:14;10.70;99.90
3660;DHT22;1846;51.482;7.224;2023-02-19T01:38:41;10.80;99.90
3660;DHT22;1846;51.482;7.224;2023-02-19T01:41:11;10.70;99.90
3660;DHT22;1846;51.482;7.224;2023-02-19T01:43:55;10.60;99.90
3660;DHT22;1846;51.482;7.224;2023-02-19T01:46:24;10.70;99.90
3660;DHT22;1846;51.482;7.224;2023-02-19T01:48:52;10.80;99.90
3660;DHT22;1846;51.482;7.224;2023-02-19T01:51:21;10.80;99.90
3660;DHT22;1846;51.482;7.224;2023-02-19T01:53:51;10.80;99.90
3660;DHT22;1846;51.482;7.224;2023-02-19T01:56:20;10.80;99.90
3660;DHT22;1846;51.482;7.224;2023-02-19T01:58:48;10.70;99.90
3660;DHT22;1846;51.482;7.224;2023-02-19T02:01:14;10.70;99.90
3660;DHT22;1846;51.482;7.224;2023-02-19T02:03:45;10.70;99.90
3660;DHT22;1846;51.482;7.224;2023-02-19T02:06:17;10.60;99.90
3660;DHT22;1846;51.482;7.224;2023-02-19T02:08:50;10.60;99.90
3660;DHT22;1846;51.482;7.224;2023-02-19T02:11:39;10.70;99.90
3660;DHT22;1846;51.482;7.224;2023-02-19T02:14:08;10.50;99.90
3660;DHT22;1846;51.482;7.224;2023-02-19T02:16:41;10.50;99.90
3660;DHT22;1846;51.482;7.224;2023-02-19T02:19:29;10.60;99.90
3660;DHT22;1846;51.482;7.224;2023-02-19T02:22:08;10.60;99.90
3660;DHT22;1846;51.482;7.224;2023-02-19T02:25:10;10.60;99.90
3660;DHT22;1846;51.482;7.224;2023-02-19T02:27:50;10.80;99.90
3660;DHT22;1846;51.482;7.224;2023-02-19T02:30:38;10.70;99.90
3660;DHT22;1846;51.482;7.224;2023-02-19T02:33:18;10.70;99.90
3660;DHT22;1846;51.482;7.224;2023-02-19T02:35:49;10.60;99.90
3660;DHT22;1846;51.482;7.224;2023-02-19T02:38:20;10.60;99.90
3660;DHT22;1846;51.482;7.224;2023-02-19T02:40:48;10.50;99.90
3660;DHT22;1846;51.482;7.224;2023-02-19T02:43:15;10.60;99.90
3660;DHT22;1846;51.482;7.224;2023-02-19T02:45:43;10.50;99.90
3660;DHT22;1846;51.482;7.224;2023-02-19T02:48:15;10.50;99.90
3660;DHT22;1846;51.482;7.224;2023-02-19T02:50:45;10.50;99.90
3660;DHT22;1846;51.482;7.224;2023-02-19T02:53:16;10.50;99.90
3660;DHT22;1846;51.482;7.224;2023-02-19T02:56:02;10.50;99.90
3660;DHT22;1846;51.482;7.224;2023-02-19T02:58:30;10.50;99.90
3660;DHT22;1846;51.482;7.224;2023-02-19T03:01:03;10.50;99.90
3660;DHT22;1846;51.482;7.224;2023-02-19T03:03:52;10.50;99.90
3660;DHT22;1846;51.482;7.224;2023-02-19T03:06:21;10.40;99.90
3660;DHT22;1846;51.482;7.224;2023-02-19T03:08:53;10.40;99.90
3660;DHT22;1846;51.482;7.224;2023-02-19T03:11:21;10.40;99.90
3660;DHT22;1846;51.482;7.224;2023-02-19T03:14:10;10.40;99.90
3660;DHT22;1846;51.482;7.224;2023-02-19T03:17:01;10.50;99.90
3660;DHT22;1846;51.482;7.224;2023-02-19T03:19:51;10.50;99.90
3660;DHT22;1846;51.482;7.224;2023-02-19T03:22:22;10.40;99.90
3660;DHT22;1846;51.482;7.224;2023-02-19T03:24:53;10.50;99.90
3660;DHT22;1846;51.482;7.224;2023-02-19T03:27:40;10.50;99.90
3660;DHT22;1846;51.482;7.224;2023-02-19T03:30:10;10.40;99.90
3660;DHT22;1846;51.482;7.224;2023-02-19T03:32:43;10.40;99.90
3660;DHT22;1846;51.482;7.224;2023-02-19T03:35:15;10.40;99.90
3660;DHT22;1846;51.482;7.224;2023-02-19T03:37:48;10.40;99.90
3660;DHT22;1846;51.482;7.224;2023-02-19T03:40:16;10.60;99.90
3660;DHT22;1846;51.482;7.224;2023-02-19T03:42:48;10.50;99.90
3660;DHT22;1846;51.482;7.224;2023-02-19T03:45:32;10.50;99.90
3660;DHT22;1846;51.482;7.224;2023-02-19T03:48:19;10.60;99.90
3660;DHT22;1846;51.482;7.224;2023-02-19T03:50:54;10.60;99.90
3660;DHT22;1846;51.482;7.224;2023-02-19T03:53:30;10.50;99.90
3660;DHT22;1846;51.482;7.224;2023-02-19T03:56:06;10.50;99.90
3660;DHT22;1846;51.482;7.224;2023-02-19T03:58:40;10.50;99.90
3660;DHT22;1846;51.482;7.224;2023-02-19T04:01:12;10.50;99.90
3660;DHT22;1846;51.482;7.224;2023-02-19T04:03:47;10.60;99.90
3660;DHT22;1846;51.482;7.224;2023-02-19T04:06:17;10.50;99.90
3660;DHT22;1846;51.482;7.224;2023-02-19T04:08:48;10.60;99.90
3660;DHT22;1846;51.482;7.224;2023-02-19T04:11:17;10.50;99.90
3660;DHT22;1846;51.482;7.224;2023-02-19T04:13:50;10.50;99.90
3660;DHT22;1846;51.482;7.224;2023-02-19T04:16:23;10.40;99.90
3660;DHT22;1846;51.482;7.224;2023-02-19T04:18:56;10.40;99.90
3660;DHT22;1846;51.482;7.224;2023-02-19T04:21:24;10.40;99.90
3660;DHT22;1846;51.482;7.224;2023-02-19T04:23:52;10.30;99.90
3660;DHT22;1846;51.482;7.224;2023-02-19T04:26:21;10.40;99.90
3660;DHT22;1846;51.482;7.224;2023-02-19T04:28:48;10.20;99.90
3660;DHT22;1846;51.482;7.224;2023-02-19T04:31:15;10.20;99.90
3660;DHT22;1846;51.482;7.224;2023-02-19T04:33:42;10.20;99.90
3660;DHT22;1846;51.482;7.224;2023-02-19T04:36:10;10.20;99.90
3660;DHT22;1846;51.482;7.224;2023-02-19T04:38:37;10.10;99.90
3660;DHT22;1846;51.482;7.224;2023-02-19T04:41:04;10.20;99.90
3660;DHT22;1846;51.482;7.224;2023-02-19T04:43:31;10.20;99.90
3660;DHT22;1846;51.482;7.224;2023-02-19T04:45:59;10.30;99.90
3660;DHT22;1846;51.482;7.224;2023-02-19T04:48:27;10.30;99.90
3660;DHT22;1846;51.482;7.224;2023-02-19T04:50:54;10.30;99.90
3660;DHT22;1846;51.482;7.224;2023-02-19T04:53:22;10.40;99.90
3660;DHT22;1846;51.482;7.224;2023-02-19T04:55:49;10.40;99.90
3660;DHT22;1846;51.482;7.224;2023-02-19T04:58:18;10.30;99.90
3660;DHT22;1846;51.482;7.224;2023-02-19T05:00:46;10.30;99.90
3660;DHT22;1846;51.482;7.224;2023-02-19T05:03:16;10.30;99.90
3660;DHT22;1846;51.482;7.224;2023-02-19T05:05:43;10.10;99.90
3660;DHT22;1846;51.482;7.224;2023-02-19T05:08:10;10.00;99.90
3660;DHT22;1846;51.482;7.224;2023-02-19T05:10:39;9.90;99.90
3660;DHT22;1846;51.482;7.224;2023-02-19T05:13:06;10.00;99.90
3660;DHT22;1846;51.482;7.224;2023-02-19T05:15:33;10.00;99.90
3660;DHT22;1846;51.482;7.224;2023-02-19T05:18:00;9.90;99.90
3660;DHT22;1846;51.482;7.224;2023-02-19T05:20:27;10.10;99.90
3660;DHT22;1846;51.482;7.224;2023-02-19T05:22:54;10.00;99.90
3660;DHT22;1846;51.482;7.224;2023-02-19T05:25:20;10.00;99.90
3660;DHT22;1846;51.482;7.224;2023-02-19T05:27:49;10.00;99.90
3660;DHT22;1846;51.482;7.224;2023-02-19T05:30:35;10.10;99.90
3660;DHT22;1846;51.482;7.224;2023-02-19T05:33:02;10.10;99.90
3660;DHT22;1846;51.482;7.224;2023-02-19T05:35:29;10.10;99.90
3660;DHT22;1846;51.482;7.224;2023-02-19T05:37:56;10.10;99.90
3660;DHT22;1846;51.482;7.224;2023-02-19T05:40:23;10.00;99.90
3660;DHT22;1846;51.482;7.224;2023-02-19T05:42:51;10.00;99.90
3660;DHT22;1846;51.482;7.224;2023-02-19T05:45:17;10.00;99.90
3660;DHT22;1846;51.482;7.224;2023-02-19T05:47:44;10.10;99.90
3660;DHT22;1846;51.482;7.224;2023-02-19T05:50:11;10.00;99.90
3660;DHT22;1846;51.482;7.224;2023-02-19T05:52:38;10.10;99.90
3660;DHT22;1846;51.482;7.224;2023-02-19T05:55:05;10.10;99.90
3660;DHT22;1846;51.482;7.224;2023-02-19T05:57:32;10.10;99.90
3660;DHT22;1846;51.482;7.224;2023-02-19T06:00:00;10.00;99.90
3660;DHT22;1846;51.482;7.224;2023-02-19T06:02:27;10.00;99.90
3660;DHT22;1846;51.482;7.224;2023-02-19T06:04:54;10.10;99.90
3660;DHT22;1846;51.482;7.224;2023-02-19T06:07:21;10.10;99.90
3660;DHT22;1846;51.482;7.224;2023-02-19T06:09:49;9.90;99.90
3660;DHT22;1846;51.482;7.224;2023-02-19T06:12:16;10.00;99.90
3660;DHT22;1846;51.482;7.224;2023-02-19T06:14:43;9.90;99.90
3660;DHT22;1846;51.482;7.224;2023-02-19T06:17:11;10.00;99.90
3660;DHT22;1846;51.482;7.224;2023-02-19T06:19:38;10.00;99.90
3660;DHT22;1846;51.482;7.224;2023-02-19T06:22:05;10.00;99.90
3660;DHT22;1846;51.482;7.224;2023-02-19T06:24:32;9.90;99.90
3660;DHT22;1846;51.482;7.224;2023-02-19T06:27:00;9.90;99.90
3660;DHT22;1846;51.482;7.224;2023-02-19T06:29:27;9.90;99.90
3660;DHT22;1846;51.482;7.224;2023-02-19T06:31:54;9.90;99.90
3660;DHT22;1846;51.482;7.224;2023-02-19T06:34:22;9.90;99.90
3660;DHT22;1846;51.482;7.224;2023-02-19T06:36:49;9.90;99.90
3660;DHT22;1846;51.482;7.224;2023-02-19T06:39:16;9.90;99.90
3660;DHT22;1846;51.482;7.224;2023-02-19T06:41:43;9.90;99.90
3660;DHT22;1846;51.482;7.224;2023-02-19T06:44:10;9.90;99.90
3660;DHT22;1846;51.482;7.224;2023-02-19T06:46:37;9.80;99.90
3660;DHT22;1846;51.482;7.224;2023-02-19T06:49:04;9.70;99.90
3660;DHT22;1846;51.482;7.224;2023-02-19T06:51:32;9.80;99.90
3660;DHT22;1846;51.482;7.224;2023-02-19T06:53:59;9.80;99.90
3660;DHT22;1846;51.482;7.224;2023-02-19T06:56:29;9.70;99.90
3660;DHT22;1846;51.482;7.224;2023-02-19T06:58:58;9.70;99.90
3660;DHT22;1846;51.482;7.224;2023-02-19T07:01:26;9.70;99.90
3660;DHT22;1846;51.482;7.224;2023-02-19T07:03:53;9.70;99.90
3660;DHT22;1846;51.482;7.224;2023-02-19T07:06:24;9.70;99.90
3660;DHT22;1846;51.482;7.224;2023-02-19T07:08:54;9.80;99.90
3660;DHT22;1846;51.482;7.224;2023-02-19T07:11:21;9.80;99.90
3660;DHT22;1846;51.482;7.224;2023-02-19T07:13:53;9.80;99.90
3660;DHT22;1846;51.482;7.224;2023-02-19T07:16:20;9.80;99.90
3660;DHT22;1846;51.482;7.224;2023-02-19T07:18:47;9.80;99.90
3660;DHT22;1846;51.482;7.224;2023-02-19T07:21:14;9.80;99.90
3660;DHT22;1846;51.482;7.224;2023-02-19T07:23:42;9.90;99.90
3660;DHT22;1846;51.482;7.224;2023-02-19T07:26:13;9.80;99.90
3660;DHT22;1846;51.482;7.224;2023-02-19T07:28:40;9.80;99.90
3660;DHT22;1846;51.482;7.224;2023-02-19T07:31:07;9.80;99.90
3660;DHT22;1846;51.482;7.224;2023-02-19T07:33:34;9.80;99.90
3660;DHT22;1846;51.482;7.224;2023-02-19T07:36:01;9.90;99.90
3660;DHT22;1846;51.482;7.224;2023-02-19T07:38:28;9.80;99.90
3660;DHT22;1846;51.482;7.224;2023-02-19T07:40:57;9.90;99.90
3660;DHT22;1846;51.482;7.224;2023-02-19T07:43:27;9.90;99.90
3660;DHT22;1846;51.482;7.224;2023-02-19T07:45:54;9.80;99.90
3660;DHT22;1846;51.482;7.224;2023-02-19T07:48:21;9.80;99.90
3660;DHT22;1846;51.482;7.224;2023-02-19T07:50:52;9.80;99.90
3660;DHT22;1846;51.482;7.224;2023-02-19T07:53:19;9.70;99.90
3660;DHT22;1846;51.482;7.224;2023-02-19T07:55:46;9.70;99.90
3660;DHT22;1846;51.482;7.224;2023-02-19T07:58:13;9.60;99.90
3660;DHT22;1846;51.482;7.224;2023-02-19T08:00:41;9.70;99.90
3660;DHT22;1846;51.482;7.224;2023-02-19T08:03:08;9.70;99.90
3660;DHT22;1846;51.482;7.224;2023-02-19T08:05:37;9.80;99.90
3660;DHT22;1846;51.482;7.224;2023-02-19T08:08:05;9.70;99.90
3660;DHT22;1846;51.482;7.224;2023-02-19T08:10:32;9.70;99.90
3660;DHT22;1846;51.482;7.224;2023-02-19T08:13:17;9.70;99.90
3660;DHT22;1846;51.482;7.224;2023-02-19T08:15:50;9.60;99.90
3660;DHT22;1846;51.482;7.224;2023-02-19T08:18:18;9.70;99.90
3660;DHT22;1846;51.482;7.224;2023-02-19T08:20:46;9.70;99.90
3660;DHT22;1846;51.482;7.224;2023-02-19T08:23:13;9.60;99.90
3660;DHT22;1846;51.482;7.224;2023-02-19T08:25:41;9.70;99.90
3660;DHT22;1846;51.482;7.224;2023-02-19T08:28:09;9.80;99.90
3660;DHT22;1846;51.482;7.224;2023-02-19T08:30:37;9.90;99.90
3660;DHT22;1846;51.482;7.224;2023-02-19T08:33:06;9.90;99.90
3660;DHT22;1846;51.482;7.224;2023-02-19T08:35:33;9.90;99.90
3660;DHT22;1846;51.482;7.224;2023-02-19T08:38:01;9.90;99.90
3660;DHT22;1846;51.482;7.224;2023-02-19T08:40:28;9.90;99.90
3660;DHT22;1846;51.482;7.224;2023-02-19T08:42:57;9.90;99.90
3660;DHT22;1846;51.482;7.224;2023-02-19T08:45:27;9.90;99.90
3660;DHT22;1846;51.482;7.224;2023-02-19T08:47:53;10.00;99.90
3660;DHT22;1846;51.482;7.224;2023-02-19T08:50:22;10.00;99.90
3660;DHT22;1846;51.482;7.224;2023-02-19T08:52:48;10.10;99.90
3660;DHT22;1846;51.482;7.224;2023-02-19T08:55:16;10.00;99.90
3660;DHT22;1846;51.482;7.224;2023-02-19T08:57:43;9.90;99.90
3660;DHT22;1846;51.482;7.224;2023-02-19T09:00:11;9.90;99.90
3660;DHT22;1846;51.482;7.224;2023-02-19T09:02:39;10.00;99.90
3660;DHT22;1846;51.482;7.224;2023-02-19T09:05:06;10.20;99.90
3660;DHT22;1846;51.482;7.224;2023-02-19T09:07:34;10.10;99.90
3660;DHT22;1846;51.482;7.224;2023-02-19T09:10:01;10.20;99.90
3660;DHT22;1846;51.482;7.224;2023-02-19T09:12:28;10.30;99.90
3660;DHT22;1846;51.482;7.224;2023-02-19T09:14:55;10.40;99.90
3660;DHT22;1846;51.482;7.224;2023-02-19T09:17:22;10.50;99.90
3660;DHT22;1846;51.482;7.224;2023-02-19T09:19:48;10.50;99.90
3660;DHT22;1846;51.482;7.224;2023-02-19T09:22:15;10.40;99.90
3660;DHT22;1846;51.482;7.224;2023-02-19T09:24:44;10.40;99.90
3660;DHT22;1846;51.482;7.224;2023-02-19T09:27:14;10.30;99.90
3660;DHT22;1846;51.482;7.224;2023-02-19T09:29:41;10.20;99.90
3660;DHT22;1846;51.482;7.224;2023-02-19T09:32:08;10.00;99.90
3660;DHT22;1846;51.482;7.224;2023-02-19T09:34:35;10.10;99.90
3660;DHT22;1846;51.482;7.224;2023-02-19T09:37:03;10.20;99.90
3660;DHT22;1846;51.482;7.224;2023-02-19T09:39:30;10.20;99.90
3660;DHT22;1846;51.482;7.224;2023-02-19T09:42:02;10.30;99.90
3660;DHT22;1846;51.482;7.224;2023-02-19T09:44:34;10.50;99.90
3660;DHT22;1846;51.482;7.224;2023-02-19T09:47:12;10.60;99.90
3660;DHT22;1846;51.482;7.224;2023-02-19T09:49:42;10.70;99.90
3660;DHT22;1846;51.482;7.224;2023-02-19T09:52:18;10.70;99.90
3660;DHT22;1846;51.482;7.224;2023-02-19T09:54:50;10.80;99.90
3660;DHT22;1846;51.482;7.224;2023-02-19T09:57:25;10.70;99.90
3660;DHT22;1846;51.482;7.224;2023-02-19T10:00:00;10.70;99.90
3660;DHT22;1846;51.482;7.224;2023-02-19T10:02:28;10.60;99.90
3660;DHT22;1846;51.482;7.224;2023-02-19T10:04:56;10.60;99.90
3660;DHT22;1846;51.482;7.224;2023-02-19T10:07:27;10.60;99.90
3660;DHT22;1846;51.482;7.224;2023-02-19T10:10:00;10.50;99.90
3660;DHT22;1846;51.482;7.224;2023-02-19T10:12:31;10.30;99.90
3660;DHT22;1846;51.482;7.224;2023-02-19T10:15:04;10.10;99.90
3660;DHT22;1846;51.482;7.224;2023-02-19T10:17:33;10.10;99.90
3660;DHT22;1846;51.482;7.224;2023-02-19T10:20:02;10.10;99.90
3660;DHT22;1846;51.482;7.224;2023-02-19T10:22:30;10.10;99.90
3660;DHT22;1846;51.482;7.224;2023-02-19T10:24:58;10.10;99.90
3660;DHT22;1846;51.482;7.224;2023-02-19T10:27:26;10.20;99.90
3660;DHT22;1846;51.482;7.224;2023-02-19T10:29:57;10.20;99.90
3660;DHT22;1846;51.482;7.224;2023-02-19T10:32:26;10.30;99.90
3660;DHT22;1846;51.482;7.224;2023-02-19T10:35:10;10.50;99.90
3660;DHT22;1846;51.482;7.224;2023-02-19T10:37:42;10.70;99.90
3660;DHT22;1846;51.482;7.224;2023-02-19T10:40:17;10.80;99.90
3660;DHT22;1846;51.482;7.224;2023-02-19T10:42:45;10.90;99.90
3660;DHT22;1846;51.482;7.224;2023-02-19T10:45:18;10.80;99.90
3660;DHT22;1846;51.482;7.224;2023-02-19T10:47:47;11.00;99.90
3660;DHT22;1846;51.482;7.224;2023-02-19T10:50:24;11.00;99.90
3660;DHT22;1846;51.482;7.224;2023-02-19T10:52:52;10.90;99.90
3660;DHT22;1846;51.482;7.224;2023-02-19T10:55:29;10.80;99.90
3660;DHT22;1846;51.482;7.224;2023-02-19T10:57:56;10.90;99.90
3660;DHT22;1846;51.482;7.224;2023-02-19T11:00:28;10.90;99.90
3660;DHT22;1846;51.482;7.224;2023-02-19T11:03:19;11.20;99.90
3660;DHT22;1846;51.482;7.224;2023-02-19T11:05:53;11.30;99.90
3660;DHT22;1846;51.482;7.224;2023-02-19T11:08:22;11.40;99.90
3660;DHT22;1846;51.482;7.224;2023-02-19T11:10:50;11.30;99.90
3660;DHT22;1846;51.482;7.224;2023-02-19T11:13:22;11.40;99.90
3660;DHT22;1846;51.482;7.224;2023-02-19T11:15:53;11.50;96.10
3660;DHT22;1846;51.482;7.224;2023-02-19T11:18:22;11.50;91.60
3660;DHT22;1846;51.482;7.224;2023-02-19T11:20:51;11.50;94.80
3660;DHT22;1846;51.482;7.224;2023-02-19T11:23:22;11.50;99.90
3660;DHT22;1846;51.482;7.224;2023-02-19T11:25:51;11.50;95.60
3660;DHT22;1846;51.482;7.224;2023-02-19T11:28:31;11.40;95.50
3660;DHT22;1846;51.482;7.224;2023-02-19T11:31:18;11.40;96.50
3660;DHT22;1846;51.482;7.224;2023-02-19T11:33:52;11.50;99.90
3660;DHT22;1846;51.482;7.224;2023-02-19T11:36:31;11.70;99.90
3660;DHT22;1846;51.482;7.224;2023-02-19T11:39:06;11.80;63.50
3660;DHT22;1846;51.482;7.224;2023-02-19T11:42:09;11.70;65.40
3660;DHT22;1846;51.482;7.224;2023-02-19T11:44:53;11.70;84.80
3660;DHT22;1846;51.482;7.224;2023-02-19T11:48:05;11.80;86.10
3660;DHT22;1846;51.482;7.224;2023-02-19T11:50:45;11.80;63.70
3660;DHT22;1846;51.482;7.224;2023-02-19T11:53:21;11.70;55.70
3660;DHT22;1846;51.482;7.224;2023-02-19T11:56:02;11.90;92.00
3660;DHT22;1846;51.482;7.224;2023-02-19T11:58:50;12.30;53.50
3660;DHT22;1846;51.482;7.224;2023-02-19T12:01:26;12.50;1.00
3660;DHT22;1846;51.482;7.224;2023-02-19T12:04:19;12.20;99.90
3660;DHT22;1846;51.482;7.224;2023-02-19T12:06:55;12.20;1.00
3660;DHT22;1846;51.482;7.224;2023-02-19T12:09:42;12.10;1.00
3660;DHT22;1846;51.482;7.224;2023-02-19T12:12:27;12.00;1.00
3660;DHT22;1846;51.482;7.224;2023-02-19T12:15:18;11.90;1.00
3660;DHT22;1846;51.482;7.224;2023-02-19T12:20:45;11.90;1.00
3660;DHT22;1846;51.482;7.224;2023-02-19T12:23:40;11.70;1.00
3660;DHT22;1846;51.482;7.224;2023-02-19T12:26:19;11.50;1.00
3660;DHT22;1846;51.482;7.224;2023-02-19T12:29:06;11.50;1.00
3660;DHT22;1846;51.482;7.224;2023-02-19T12:31:57;11.10;1.00
3660;DHT22;1846;51.482;7.224;2023-02-19T12:34:38;11.10;1.00
3660;DHT22;1846;51.482;7.224;2023-02-19T12:37:22;11.20;1.00
3660;DHT22;1846;51.482;7.224;2023-02-19T12:39:57;11.20;1.00
3660;DHT22;1846;51.482;7.224;2023-02-19T12:42:41;11.30;1.00
3660;DHT22;1846;51.482;7.224;2023-02-19T12:45:18;11.40;1.00
3660;DHT22;1846;51.482;7.224;2023-02-19T12:47:54;11.50;1.00
3660;DHT22;1846;51.482;7.224;2023-02-19T12:50:24;11.40;1.00
3660;DHT22;1846;51.482;7.224;2023-02-19T12:52:56;11.40;1.00
3660;DHT22;1846;51.482;7.224;2023-02-19T12:55:27;11.50;1.00
3660;DHT22;1846;51.482;7.224;2023-02-19T12:57:57;11.60;1.00
3660;DHT22;1846;51.482;7.224;2023-02-19T13:00:30;11.60;1.00
3660;DHT22;1846;51.482;7.224;2023-02-19T13:03:02;11.50;1.00
3660;DHT22;1846;51.482;7.224;2023-02-19T13:05:39;11.50;1.00
3660;DHT22;1846;51.482;7.224;2023-02-19T13:08:14;11.30;1.00
3660;DHT22;1846;51.482;7.224;2023-02-19T13:10:48;11.00;1.00
3660;DHT22;1846;51.482;7.224;2023-02-19T13:13:20;10.90;1.00
3660;DHT22;1846;51.482;7.224;2023-02-19T13:15:52;10.80;1.00
3660;DHT22;1846;51.482;7.224;2023-02-19T13:18:24;10.60;1.00
3660;DHT22;1846;51.482;7.224;2023-02-19T13:20:52;10.30;1.00
3660;DHT22;1846;51.482;7.224;2023-02-19T13:23:24;10.30;1.00
3660;DHT22;1846;51.482;7.224;2023-02-19T13:26:23;10.30;1.00
3660;DHT22;1846;51.482;7.224;2023-02-19T13:29:02;10.20;1.00
3660;DHT22;1846;51.482;7.224;2023-02-19T13:31:56;10.20;1.00
3660;DHT22;1846;51.482;7.224;2023-02-19T13:34:43;10.30;1.00
3660;DHT22;1846;51.482;7.224;2023-02-19T13:37:12;10.30;1.00
3660;DHT22;1846;51.482;7.224;2023-02-19T13:39:46;10.50;1.00
3660;DHT22;1846;51.482;7.224;2023-02-19T13:42:24;10.60;1.00
3660;DHT22;1846;51.482;7.224;2023-02-19T13:44:54;10.70;1.00
3660;DHT22;1846;51.482;7.224;2023-02-19T13:47:49;10.80;1.00
3660;DHT22;1846;51.482;7.224;2023-02-19T13:50:25;10.80;1.00
3660;DHT22;1846;51.482;7.224;2023-02-19T13:52:54;10.90;1.00
3660;DHT22;1846;51.482;7.224;2023-02-19T13:55:48;11.00;1.00
3660;DHT22;1846;51.482;7.224;2023-02-19T13:58:51;11.00;1.00
3660;DHT22;1846;51.482;7.224;2023-02-19T14:04:18;10.90;1.00
3660;DHT22;1846;51.482;7.224;2023-02-19T14:09:45;10.40;1.00
3660;DHT22;1846;51.482;7.224;2023-02-19T14:12:21;10.30;1.00
3660;DHT22;1846;51.482;7.224;2023-02-19T14:14:50;10.20;1.00
3660;DHT22;1846;51.482;7.224;2023-02-19T14:17:28;10.10;1.00
3660;DHT22;1846;51.482;7.224;2023-02-19T14:23:16;10.00;3.30
3660;DHT22;1846;51.482;7.224;2023-02-19T14:25:51;10.00;28.40
3660;DHT22;1846;51.482;7.224;2023-02-19T14:28:33;10.00;20.30
3660;DHT22;1846;51.482;7.224;2023-02-19T14:31:14;10.10;24.90
3660;DHT22;1846;51.482;7.224;2023-02-19T14:33:45;10.10;1.00
3660;DHT22;1846;51.482;7.224;2023-02-19T14:36:21;10.20;20.30
3660;DHT22;1846;51.482;7.224;2023-02-19T14:38:53;10.20;1.00
3660;DHT22;1846;51.482;7.224;2023-02-19T14:41:21;10.20;1.00
3660;DHT22;1846;51.482;7.224;2023-02-19T14:43:51;10.30;1.00
3660;DHT22;1846;51.482;7.224;2023-02-19T14:46:26;10.30;1.00
3660;DHT22;1846;51.482;7.224;2023-02-19T14:48:55;10.30;1.00
3660;DHT22;1846;51.482;7.224;2023-02-19T14:51:28;10.20;1.00
3660;DHT22;1846;51.482;7.224;2023-02-19T14:53:58;10.20;1.00
3660;DHT22;1846;51.482;7.224;2023-02-19T14:56:30;10.20;1.00
3660;DHT22;1846;51.482;7.224;2023-02-19T14:59:20;10.30;1.00
3660;DHT22;1846;51.482;7.224;2023-02-19T15:01:53;10.30;1.00
3660;DHT22;1846;51.482;7.224;2023-02-19T15:04:21;10.30;1.00
3660;DHT22;1846;51.482;7.224;2023-02-19T15:06:49;10.30;1.00
3660;DHT22;1846;51.482;7.224;2023-02-19T15:09:19;10.40;1.00
3660;DHT22;1846;51.482;7.224;2023-02-19T15:11:47;10.40;1.00
3660;DHT22;1846;51.482;7.224;2023-02-19T15:14:19;10.50;1.00
3660;DHT22;1846;51.482;7.224;2023-02-19T15:16:49;10.50;1.00
3660;DHT22;1846;51.482;7.224;2023-02-19T15:19:19;10.50;1.00
3660;DHT22;1846;51.482;7.224;2023-02-19T15:21:46;10.50;1.00
3660;DHT22;1846;51.482;7.224;2023-02-19T15:24:16;10.50;1.00
3660;DHT22;1846;51.482;7.224;2023-02-19T15:26:47;10.50;1.00
3660;DHT22;1846;51.482;7.224;2023-02-19T15:29:17;10.50;1.00
3660;DHT22;1846;51.482;7.224;2023-02-19T15:31:45;10.50;1.00
3660;DHT22;1846;51.482;7.224;2023-02-19T15:34:16;10.60;1.00
3660;DHT22;1846;51.482;7.224;2023-02-19T15:36:44;10.60;1.00
3660;DHT22;1846;51.482;7.224;2023-02-19T15:39:18;10.50;1.00
3660;DHT22;1846;51.482;7.224;2023-02-19T15:41:53;10.60;1.00
3660;DHT22;1846;51.482;7.224;2023-02-19T15:44:33;10.50;99.90
3660;DHT22;1846;51.482;7.224;2023-02-19T15:47:09;10.50;99.90
3660;DHT22;1846;51.482;7.224;2023-02-19T15:49:44;10.50;1.00
3660;DHT22;1846;51.482;7.224;2023-02-19T15:52:19;10.40;1.00
3660;DHT22;1846;51.482;7.224;2023-02-19T15:54:52;10.30;1.00
3660;DHT22;1846;51.482;7.224;2023-02-19T15:57:26;10.20;1.00
3660;DHT22;1846;51.482;7.224;2023-02-19T15:59:58;10.00;1.00
3660;DHT22;1846;51.482;7.224;2023-02-19T16:02:26;10.00;1.00
3660;DHT22;1846;51.482;7.224;2023-02-19T16:04:53;10.10;1.00
3660;DHT22;1846;51.482;7.224;2023-02-19T16:07:25;10.00;1.00
3660;DHT22;1846;51.482;7.224;2023-02-19T16:10:17;10.10;1.00
3660;DHT22;1846;51.482;7.224;2023-02-19T16:12:55;10.20;1.00
3660;DHT22;1846;51.482;7.224;2023-02-19T16:15:23;10.20;1.00
3660;DHT22;1846;51.482;7.224;2023-02-19T16:17:50;10.20;1.00
3660;DHT22;1846;51.482;7.224;2023-02-19T16:20:20;10.20;1.00
3660;DHT22;1846;51.482;7.224;2023-02-19T16:22:48;10.00;1.00
3660;DHT22;1846;51.482;7.224;2023-02-19T16:25:28;10.00;1.00
3660;DHT22;1846;51.482;7.224;2023-02-19T16:27:56;9.90;1.00
3660;DHT22;1846;51.482;7.224;2023-02-19T16:30:29;9.90;1.00
3660;DHT22;1846;51.482;7.224;2023-02-19T16:33:18;9.80;1.00
3660;DHT22;1846;51.482;7.224;2023-02-19T16:35:46;9.70;1.00
3660;DHT22;1846;51.482;7.224;2023-02-19T16:38:14;9.60;1.00
3660;DHT22;1846;51.482;7.224;2023-02-19T16:41:03;9.60;1.00
3660;DHT22;1846;51.482;7.224;2023-02-19T16:43:38;9.70;1.00
3660;DHT22;1846;51.482;7.224;2023-02-19T16:46:08;9.70;1.00
3660;DHT22;1846;51.482;7.224;2023-02-19T16:48:35;9.70;1.00
3660;DHT22;1846;51.482;7.224;2023-02-19T16:51:04;9.70;1.00
3660;DHT22;1846;51.482;7.224;2023-02-19T16:53:31;9.70;1.00
3660;DHT22;1846;51.482;7.224;2023-02-19T16:55:58;9.80;1.00
3660;DHT22;1846;51.482;7.224;2023-02-19T16:58:25;9.70;1.00
3660;DHT22;1846;51.482;7.224;2023-02-19T17:00:53;9.70;1.00
3660;DHT22;1846;51.482;7.224;2023-02-19T17:03:22;9.80;1.00
3660;DHT22;1846;51.482;7.224;2023-02-19T17:05:50;9.90;1.00
3660;DHT22;1846;51.482;7.224;2023-02-19T17:08:33;9.80;99.90
3660;DHT22;1846;51.482;7.224;2023-02-19T17:11:02;9.80;99.90
3660;DHT22;1846;51.482;7.224;2023-02-19T17:13:30;9.80;99.90
3660;DHT22;1846;51.482;7.224;2023-02-19T17:15:58;9.70;99.90
3660;DHT22;1846;51.482;7.224;2023-02-19T17:18:25;9.70;99.90
3660;DHT22;1846;51.482;7.224;2023-02-19T17:20:57;9.70;99.90
3660;DHT22;1846;51.482;7.224;2023-02-19T17:23:24;9.70;99.90
3660;DHT22;1846;51.482;7.224;2023-02-19T17:25:50;9.70;99.90
3660;DHT22;1846;51.482;7.224;2023-02-19T17:28:18;9.70;99.90
3660;DHT22;1846;51.482;7.224;2023-02-19T17:30:44;9.70;99.90
3660;DHT22;1846;51.482;7.224;2023-02-19T17:33:13;9.60;99.90
3660;DHT22;1846;51.482;7.224;2023-02-19T17:35:40;9.60;99.90
3660;DHT22;1846;51.482;7.224;2023-02-19T17:38:10;9.60;99.90
3660;DHT22;1846;51.482;7.224;2023-02-19T17:40:37;9.60;99.90
3660;DHT22;1846;51.482;7.224;2023-02-19T17:43:04;9.70;99.90
3660;DHT22;1846;51.482;7.224;2023-02-19T17:45:32;9.70;99.90
3660;DHT22;1846;51.482;7.224;2023-02-19T17:47:59;9.80;99.90
3660;DHT22;1846;51.482;7.224;2023-02-19T17:50:29;9.90;99.90
3660;DHT22;1846;51.482;7.224;2023-02-19T17:52:57;9.80;99.90
3660;DHT22;1846;51.482;7.224;2023-02-19T17:55:24;9.60;99.90
3660;DHT22;1846;51.482;7.224;2023-02-19T17:57:51;9.40;99.90
3660;DHT22;1846;51.482;7.224;2023-02-19T18:00:20;9.30;99.90
3660;DHT22;1846;51.482;7.224;2023-02-19T18:02:48;9.40;99.90
3660;DHT22;1846;51.482;7.224;2023-02-19T18:05:15;9.40;99.90
3660;DHT22;1846;51.482;7.224;2023-02-19T18:07:44;9.40;99.90
3660;DHT22;1846;51.482;7.224;2023-02-19T18:10:12;9.50;99.90
3660;DHT22;1846;51.482;7.224;2023-02-19T18:12:39;9.40;99.90
3660;DHT22;1846;51.482;7.224;2023-02-19T18:15:07;9.40;1.00
3660;DHT22;1846;51.482;7.224;2023-02-19T18:17:34;9.40;1.00
3660;DHT22;1846;51.482;7.224;2023-02-19T18:20:02;9.30;1.00
3660;DHT22;1846;51.482;7.224;2023-02-19T18:22:29;9.20;1.00
3660;DHT22;1846;51.482;7.224;2023-02-19T18:24:58;9.00;1.00
3660;DHT22;1846;51.482;7.224;2023-02-19T18:27:25;9.00;1.00
3660;DHT22;1846;51.482;7.224;2023-02-19T18:29:53;8.90;1.00
3660;DHT22;1846;51.482;7.224;2023-02-19T18:32:22;8.90;1.00
3660;DHT22;1846;51.482;7.224;2023-02-19T18:34:50;8.90;1.00
3660;DHT22;1846;51.482;7.224;2023-02-19T18:37:18;8.90;1.00
3660;DHT22;1846;51.482;7.224;2023-02-19T18:39:45;9.00;1.00
3660;DHT22;1846;51.482;7.224;2023-02-19T18:42:14;9.00;1.00
3660;DHT22;1846;51.482;7.224;2023-02-19T18:44:45;8.90;1.00
3660;DHT22;1846;51.482;7.224;2023-02-19T18:47:13;8.90;1.00
3660;DHT22;1846;51.482;7.224;2023-02-19T18:49:44;8.90;1.00
3660;DHT22;1846;51.482;7.224;2023-02-19T18:52:11;8.80;1.00
3660;DHT22;1846;51.482;7.224;2023-02-19T18:54:38;8.60;1.00
3660;DHT22;1846;51.482;7.224;2023-02-19T18:57:05;8.60;1.00
3660;DHT22;1846;51.482;7.224;2023-02-19T18:59:34;8.40;1.00
3660;DHT22;1846;51.482;7.224;2023-02-19T19:02:01;8.30;1.00
3660;DHT22;1846;51.482;7.224;2023-02-19T19:04:29;8.20;1.00
3660;DHT22;1846;51.482;7.224;2023-02-19T19:06:56;8.10;1.00
3660;DHT22;1846;51.482;7.224;2023-02-19T19:09:23;8.10;6.50
3660;DHT22;1846;51.482;7.224;2023-02-19T19:11:50;8.10;22.70
3660;DHT22;1846;51.482;7.224;2023-02-19T19:14:17;8.10;35.80
3660;DHT22;1846;51.482;7.224;2023-02-19T19:16:45;8.20;29.60
3660;DHT22;1846;51.482;7.224;2023-02-19T19:19:13;8.10;21.40
3660;DHT22;1846;51.482;7.224;2023-02-19T19:21:40;8.10;37.80
3660;DHT22;1846;51.482;7.224;2023-02-19T19:24:07;8.10;45.20
3660;DHT22;1846;51.482;7.224;2023-02-19T19:26:34;8.20;72.20
3660;DHT22;1846;51.482;7.224;2023-02-19T19:29:01;8.20;43.10
3660;DHT22;1846;51.482;7.224;2023-02-19T19:31:33;8.20;30.60
3660;DHT22;1846;51.482;7.224;2023-02-19T19:34:02;8.30;1.00
3660;DHT22;1846;51.482;7.224;2023-02-19T19:36:29;8.20;1.00
3660;DHT22;1846;51.482;7.224;2023-02-19T19:38:56;8.00;1.00
3660;DHT22;1846;51.482;7.224;2023-02-19T19:41:23;7.90;1.00
3660;DHT22;1846;51.482;7.224;2023-02-19T19:43:50;7.90;1.00
3660;DHT22;1846;51.482;7.224;2023-02-19T19:46:17;7.80;1.00
3660;DHT22;1846;51.482;7.224;2023-02-19T19:48:45;7.90;1.00
3660;DHT22;1846;51.482;7.224;2023-02-19T19:51:13;7.90;1.00
3660;DHT22;1846;51.482;7.224;2023-02-19T19:53:40;8.00;1.00
3660;DHT22;1846;51.482;7.224;2023-02-19T19:56:07;7.90;1.00
3660;DHT22;1846;51.482;7.224;2023-02-19T19:58:34;7.90;1.00
3660;DHT22;1846;51.482;7.224;2023-02-19T20:01:02;7.90;1.00
3660;DHT22;1846;51.482;7.224;2023-02-19T20:03:30;7.80;1.00
3660;DHT22;1846;51.482;7.224;2023-02-19T20:05:57;7.80;1.00
3660;DHT22;1846;51.482;7.224;2023-02-19T20:08:25;7.70;1.00
3660;DHT22;1846;51.482;7.224;2023-02-19T20:10:52;7.80;1.00
3660;DHT22;1846;51.482;7.224;2023-02-19T20:13:19;7.80;1.00
3660;DHT22;1846;51.482;7.224;2023-02-19T20:15:48;7.80;1.00
3660;DHT22;1846;51.482;7.224;2023-02-19T20:18:15;7.90;1.00
3660;DHT22;1846;51.482;7.224;2023-02-19T20:20:42;8.00;1.00
3660;DHT22;1846;51.482;7.224;2023-02-19T20:23:09;8.00;1.00
3660;DHT22;1846;51.482;7.224;2023-02-19T20:25:37;7.90;1.00
3660;DHT22;1846;51.482;7.224;2023-02-19T20:28:04;7.90;1.00
3660;DHT22;1846;51.482;7.224;2023-02-19T20:30:31;7.90;1.00
3660;DHT22;1846;51.482;7.224;2023-02-19T20:32:58;8.00;1.00
3660;DHT22;1846;51.482;7.224;2023-02-19T20:35:25;8.10;1.00
3660;DHT22;1846;51.482;7.224;2023-02-19T20:37:54;8.20;1.00
3660;DHT22;1846;51.482;7.224;2023-02-19T20:40:21;8.20;1.00
3660;DHT22;1846;51.482;7.224;2023-02-19T20:42:53;8.10;1.00
3660;DHT22;1846;51.482;7.224;2023-02-19T20:45:19;8.10;1.00
3660;DHT22;1846;51.482;7.224;2023-02-19T20:47:47;8.10;1.00
3660;DHT22;1846;51.482;7.224;2023-02-19T20:50:15;8.10;1.00
3660;DHT22;1846;51.482;7.224;2023-02-19T20:52:43;8.10;1.00
3660;DHT22;1846;51.482;7.224;2023-02-19T20:55:10;8.20;1.00
3660;DHT22;1846;51.482;7.224;2023-02-19T20:57:37;8.20;1.00
3660;DHT22;1846;51.482;7.224;2023-02-19T21:00:07;8.20;1.00
3660;DHT22;1846;51.482;7.224;2023-02-19T21:02:35;8.10;99.90
3660;DHT22;1846;51.482;7.224;2023-02-19T21:05:03;8.00;99.90
3660;DHT22;1846;51.482;7.224;2023-02-19T21:07:30;7.90;1.00
3660;DHT22;1846;51.482;7.224;2023-02-19T21:09:57;8.00;1.00
3660;DHT22;1846;51.482;7.224;2023-02-19T21:12:23;7.80;1.00
3660;DHT22;1846;51.482;7.224;2023-02-19T21:14:50;7.90;1.00
3660;DHT22;1846;51.482;7.224;2023-02-19T21:17:19;8.00;1.00
3660;DHT22;1846;51.482;7.224;2023-02-19T21:19:45;7.90;99.90
3660;DHT22;1846;51.482;7.224;2023-02-19T21:22:12;8.00;1.00
3660;DHT22;1846;51.482;7.224;2023-02-19T21:24:39;8.00;99.90
3660;DHT22;1846;51.482;7.224;2023-02-19T21:27:06;7.80;99.90
3660;DHT22;1846;51.482;7.224;2023-02-19T21:29:34;7.90;1.00
3660;DHT22;1846;51.482;7.224;2023-02-19T21:32:00;7.90;1.00
3660;DHT22;1846;51.482;7.224;2023-02-19T21:34:29;7.90;1.00
3660;DHT22;1846;51.482;7.224;2023-02-19T21:36:56;8.00;1.00
3660;DHT22;1846;51.482;7.224;2023-02-19T21:39:23;8.00;1.00
3660;DHT22;1846;51.482;7.224;2023-02-19T21:41:52;8.00;1.00
3660;DHT22;1846;51.482;7.224;2023-02-19T21:44:19;8.10;1.00
3660;DHT22;1846;51.482;7.224;2023-02-19T21:46:46;8.10;1.00
3660;DHT22;1846;51.482;7.224;2023-02-19T21:49:13;8.20;1.00
3660;DHT22;1846;51.482;7.224;2023-02-19T21:51:43;8.20;1.00
3660;DHT22;1846;51.482;7.224;2023-02-19T21:54:14;8.20;1.00
3660;DHT22;1846;51.482;7.224;2023-02-19T21:56:42;8.20;1.00
3660;DHT22;1846;51.482;7.224;2023-02-19T21:59:09;8.10;1.00
3660;DHT22;1846;51.482;7.224;2023-02-19T22:01:36;8.20;99.90
3660;DHT22;1846;51.482;7.224;2023-02-19T22:04:04;8.00;99.90
3660;DHT22;1846;51.482;7.224;2023-02-19T22:06:31;8.00;99.90
3660;DHT22;1846;51.482;7.224;2023-02-19T22:09:00;7.90;99.90
3660;DHT22;1846;51.482;7.224;2023-02-19T22:11:27;7.80;99.90
3660;DHT22;1846;51.482;7.224;2023-02-19T22:13:54;7.70;99.90
3660;DHT22;1846;51.482;7.224;2023-02-19T22:16:21;7.80;99.90
3660;DHT22;1846;51.482;7.224;2023-02-19T22:18:49;7.70;99.90
3660;DHT22;1846;51.482;7.224;2023-02-19T22:21:17;7.60;99.90
3660;DHT22;1846;51.482;7.224;2023-02-19T22:23:44;7.60;1.00
3660;DHT22;1846;51.482;7.224;2023-02-19T22:26:18;7.60;1.00
3660;DHT22;1846;51.482;7.224;2023-02-19T22:28:45;7.70;1.00
3660;DHT22;1846;51.482;7.224;2023-02-19T22:31:13;7.70;1.00
3660;DHT22;1846;51.482;7.224;2023-02-19T22:33:40;7.60;1.00
3660;DHT22;1846;51.482;7.224;2023-02-19T22:36:13;7.70;1.00
3660;DHT22;1846;51.482;7.224;2023-02-19T22:38:40;7.80;1.00
3660;DHT22;1846;51.482;7.224;2023-02-19T22:41:07;7.70;1.00
3660;DHT22;1846;51.482;7.224;2023-02-19T22:43:35;7.60;99.90
3660;DHT22;1846;51.482;7.224;2023-02-19T22:46:03;7.60;99.90
3660;DHT22;1846;51.482;7.224;2023-02-19T22:48:30;7.50;1.00
3660;DHT22;1846;51.482;7.224;2023-02-19T22:50:57;7.50;1.00
3660;DHT22;1846;51.482;7.224;2023-02-19T22:53:24;7.60;1.00
3660;DHT22;1846;51.482;7.224;2023-02-19T22:55:51;7.50;99.90
3660;DHT22;1846;51.482;7.224;2023-02-19T22:58:18;7.60;99.90
3660;DHT22;1846;51.482;7.224;2023-02-19T23:00:46;7.40;1.00
3660;DHT22;1846;51.482;7.224;2023-02-19T23:03:13;7.60;1.00
3660;DHT22;1846;51.482;7.224;2023-02-19T23:05:39;7.30;99.90
3660;DHT22;1846;51.482;7.224;2023-02-19T23:08:06;7.20;1.00
3660;DHT22;1846;51.482;7.224;2023-02-19T23:10:33;7.10;1.00
3660;DHT22;1846;51.482;7.224;2023-02-19T23:13:00;7.10;1.00
3660;DHT22;1846;51.482;7.224;2023-02-19T23:15:27;7.10;1.00
3660;DHT22;1846;51.482;7.224;2023-02-19T23:17:55;6.90;1.00
3660;DHT22;1846;51.482;7.224;2023-02-19T23:20:22;6.90;1.00
3660;DHT22;1846;51.482;7.224;2023-02-19T23:22:49;7.00;1.00
3660;DHT22;1846;51.482;7.224;2023-02-19T23:25:16;6.90;1.00
3660;DHT22;1846;51.482;7.224;2023-02-19T23:27:43;6.80;1.00
3660;DHT22;1846;51.482;7.224;2023-02-19T23:30:10;6.80;1.00
3660;DHT22;1846;51.482;7.224;2023-02-19T23:32:37;6.70;1.00
3660;DHT22;1846;51.482;7.224;2023-02-19T23:35:06;6.70;1.00
3660;DHT22;1846;51.482;7.224;2023-02-19T23:37:33;6.70;1.00
3660;DHT22;1846;51.482;7.224;2023-02-19T23:40:00;6.80;1.00
3660;DHT22;1846;51.482;7.224;2023-02-19T23:42:28;6.70;99.90
3660;DHT22;1846;51.482;7.224;2023-02-19T23:44:55;6.70;99.90
3660;DHT22;1846;51.482;7.224;2023-02-19T23:47:22;6.60;1.00
3660;DHT22;1846;51.482;7.224;2023-02-19T23:49:51;6.50;1.00
3660;DHT22;1846;51.482;7.224;2023-02-19T23:52:19;6.60;1.00
3660;DHT22;1846;51.482;7.224;2023-02-19T23:54:46;6.70;1.00
3660;DHT22;1846;51.482;7.224;2023-02-19T23:57:12;6.60;99.90
3660;DHT22;1846;51.482;7.224;2023-02-19T23:59:39;6.70;1.00
